,Image,Object
0,Image 0,512
1,Image 0,432
2,Image 0,677
3,Image 0,584
4,Image 0,644
5,Image 0,418
6,Image 0,813
7,Image 0,683
8,Image 0,499
9,Image 0,111
0,Image 1,534
1,Image 1,432
2,Image 1,644
3,Image 1,677
4,Image 1,584
5,Image 1,418
6,Image 1,813
7,Image 1,683
8,Image 1,499
9,Image 1,111
0,Image 2,399
1,Image 2,418
2,Image 2,432
3,Image 2,584
4,Image 2,677
5,Image 2,644
6,Image 2,813
7,Image 2,683
8,Image 2,499
9,Image 2,111
0,Image 3,399
1,Image 3,644
2,Image 3,584
3,Image 3,432
4,Image 3,677
5,Image 3,418
6,Image 3,813
7,Image 3,683
8,Image 3,499
9,Image 3,111
0,Image 4,534
1,Image 4,432
2,Image 4,644
3,Image 4,418
4,Image 4,584
5,Image 4,677
6,Image 4,813
7,Image 4,683
8,Image 4,499
9,Image 4,111
0,Image 5,399
1,Image 5,432
2,Image 5,418
3,Image 5,584
4,Image 5,677
5,Image 5,644
6,Image 5,813
7,Image 5,683
8,Image 5,499
9,Image 5,111
0,Image 6,512
1,Image 6,432
2,Image 6,418
3,Image 6,677
4,Image 6,584
5,Image 6,644
6,Image 6,813
7,Image 6,683
8,Image 6,499
9,Image 6,111
0,Image 7,534
1,Image 7,432
2,Image 7,584
3,Image 7,418
4,Image 7,677
5,Image 7,644
6,Image 7,813
7,Image 7,683
8,Image 7,499
9,Image 7,111
0,Image 8,534
1,Image 8,432
2,Image 8,584
3,Image 8,418
4,Image 8,677
5,Image 8,644
6,Image 8,813
7,Image 8,683
8,Image 8,499
9,Image 8,111
0,Image 9,534
1,Image 9,418
2,Image 9,432
3,Image 9,644
4,Image 9,677
5,Image 9,584
6,Image 9,813
7,Image 9,683
8,Image 9,499
9,Image 9,111
0,Image 10,399
1,Image 10,644
2,Image 10,432
3,Image 10,584
4,Image 10,677
5,Image 10,418
6,Image 10,813
7,Image 10,683
8,Image 10,499
9,Image 10,111
0,Image 11,534
1,Image 11,418
2,Image 11,432
3,Image 11,584
4,Image 11,677
5,Image 11,644
6,Image 11,813
7,Image 11,683
8,Image 11,499
9,Image 11,111
0,Image 12,399
1,Image 12,432
2,Image 12,677
3,Image 12,644
4,Image 12,418
5,Image 12,584
6,Image 12,813
7,Image 12,683
8,Image 12,499
9,Image 12,111
0,Image 13,534
1,Image 13,432
2,Image 13,584
3,Image 13,813
4,Image 13,644
5,Image 13,677
6,Image 13,418
7,Image 13,683
8,Image 13,499
9,Image 13,111
0,Image 14,512
1,Image 14,432
2,Image 14,418
3,Image 14,584
4,Image 14,644
5,Image 14,677
6,Image 14,813
7,Image 14,683
8,Image 14,499
9,Image 14,111
0,Image 15,512
1,Image 15,432
2,Image 15,644
3,Image 15,677
4,Image 15,418
5,Image 15,584
6,Image 15,813
7,Image 15,683
8,Image 15,499
9,Image 15,111
0,Image 16,534
1,Image 16,432
2,Image 16,584
3,Image 16,644
4,Image 16,677
5,Image 16,813
6,Image 16,418
7,Image 16,683
8,Image 16,499
9,Image 16,111
0,Image 17,512
1,Image 17,432
2,Image 17,584
3,Image 17,813
4,Image 17,418
5,Image 17,677
6,Image 17,644
7,Image 17,683
8,Image 17,499
9,Image 17,111
0,Image 18,534
1,Image 18,432
2,Image 18,418
3,Image 18,677
4,Image 18,644
5,Image 18,584
6,Image 18,813
7,Image 18,683
8,Image 18,499
9,Image 18,111
0,Image 19,512
1,Image 19,432
2,Image 19,418
3,Image 19,584
4,Image 19,677
5,Image 19,644
6,Image 19,813
7,Image 19,683
8,Image 19,499
9,Image 19,111
0,Image 20,399
1,Image 20,418
2,Image 20,432
3,Image 20,677
4,Image 20,644
5,Image 20,584
6,Image 20,813
7,Image 20,683
8,Image 20,499
9,Image 20,111
0,Image 21,399
1,Image 21,418
2,Image 21,432
3,Image 21,584
4,Image 21,644
5,Image 21,677
6,Image 21,813
7,Image 21,683
8,Image 21,499
9,Image 21,111
0,Image 22,512
1,Image 22,418
2,Image 22,432
3,Image 22,584
4,Image 22,813
5,Image 22,677
6,Image 22,644
7,Image 22,683
8,Image 22,499
9,Image 22,111
0,Image 23,534
1,Image 23,418
2,Image 23,584
3,Image 23,432
4,Image 23,677
5,Image 23,813
6,Image 23,644
7,Image 23,683
8,Image 23,499
9,Image 23,111
0,Image 24,399
1,Image 24,418
2,Image 24,432
3,Image 24,584
4,Image 24,677
5,Image 24,644
6,Image 24,813
7,Image 24,683
8,Image 24,499
9,Image 24,111
0,Image 25,399
1,Image 25,644
2,Image 25,432
3,Image 25,677
4,Image 25,418
5,Image 25,584
6,Image 25,813
7,Image 25,499
8,Image 25,683
9,Image 25,111
0,Image 26,512
1,Image 26,432
2,Image 26,418
3,Image 26,584
4,Image 26,677
5,Image 26,644
6,Image 26,813
7,Image 26,683
8,Image 26,499
9,Image 26,111
0,Image 27,534
1,Image 27,418
2,Image 27,432
3,Image 27,584
4,Image 27,813
5,Image 27,677
6,Image 27,644
7,Image 27,683
8,Image 27,499
9,Image 27,111
0,Image 28,534
1,Image 28,432
2,Image 28,677
3,Image 28,584
4,Image 28,813
5,Image 28,418
6,Image 28,644
7,Image 28,683
8,Image 28,499
9,Image 28,111
0,Image 29,512
1,Image 29,432
2,Image 29,813
3,Image 29,584
4,Image 29,644
5,Image 29,677
6,Image 29,418
7,Image 29,683
8,Image 29,499
9,Image 29,111
0,Image 30,812
1,Image 30,813
2,Image 30,432
3,Image 30,584
4,Image 30,644
5,Image 30,677
6,Image 30,418
7,Image 30,683
8,Image 30,499
9,Image 30,111
0,Image 31,512
1,Image 31,432
2,Image 31,584
3,Image 31,418
4,Image 31,644
5,Image 31,677
6,Image 31,813
7,Image 31,683
8,Image 31,499
9,Image 31,111
0,Image 32,399
1,Image 32,432
2,Image 32,418
3,Image 32,584
4,Image 32,677
5,Image 32,644
6,Image 32,813
7,Image 32,683
8,Image 32,499
9,Image 32,111
0,Image 33,534
1,Image 33,432
2,Image 33,418
3,Image 33,584
4,Image 33,644
5,Image 33,677
6,Image 33,813
7,Image 33,683
8,Image 33,499
9,Image 33,111
0,Image 34,512
1,Image 34,418
2,Image 34,432
3,Image 34,584
4,Image 34,677
5,Image 34,813
6,Image 34,644
7,Image 34,683
8,Image 34,499
9,Image 34,111
0,Image 35,399
1,Image 35,644
2,Image 35,677
3,Image 35,584
4,Image 35,432
5,Image 35,418
6,Image 35,813
7,Image 35,683
8,Image 35,499
9,Image 35,111
0,Image 36,534
1,Image 36,644
2,Image 36,432
3,Image 36,677
4,Image 36,584
5,Image 36,813
6,Image 36,418
7,Image 36,683
8,Image 36,499
9,Image 36,111
0,Image 37,623
1,Image 37,644
2,Image 37,677
3,Image 37,432
4,Image 37,584
5,Image 37,813
6,Image 37,418
7,Image 37,683
8,Image 37,499
9,Image 37,111
0,Image 38,534
1,Image 38,432
2,Image 38,584
3,Image 38,813
4,Image 38,418
5,Image 38,644
6,Image 38,677
7,Image 38,683
8,Image 38,499
9,Image 38,111
0,Image 39,534
1,Image 39,584
2,Image 39,432
3,Image 39,644
4,Image 39,677
5,Image 39,813
6,Image 39,418
7,Image 39,683
8,Image 39,499
9,Image 39,111
0,Image 40,399
1,Image 40,418
2,Image 40,432
3,Image 40,584
4,Image 40,813
5,Image 40,644
6,Image 40,677
7,Image 40,683
8,Image 40,499
9,Image 40,111
0,Image 41,399
1,Image 41,418
2,Image 41,432
3,Image 41,584
4,Image 41,644
5,Image 41,813
6,Image 41,677
7,Image 41,683
8,Image 41,499
9,Image 41,111
0,Image 42,399
1,Image 42,418
2,Image 42,432
3,Image 42,584
4,Image 42,677
5,Image 42,644
6,Image 42,813
7,Image 42,683
8,Image 42,499
9,Image 42,111
0,Image 43,399
1,Image 43,418
2,Image 43,432
3,Image 43,584
4,Image 43,677
5,Image 43,644
6,Image 43,813
7,Image 43,683
8,Image 43,499
9,Image 43,111
0,Image 44,399
1,Image 44,418
2,Image 44,432
3,Image 44,584
4,Image 44,677
5,Image 44,644
6,Image 44,813
7,Image 44,683
8,Image 44,499
9,Image 44,111
0,Image 45,512
1,Image 45,418
2,Image 45,432
3,Image 45,677
4,Image 45,644
5,Image 45,584
6,Image 45,813
7,Image 45,683
8,Image 45,499
9,Image 45,111
0,Image 46,399
1,Image 46,418
2,Image 46,432
3,Image 46,584
4,Image 46,677
5,Image 46,813
6,Image 46,644
7,Image 46,683
8,Image 46,499
9,Image 46,111
0,Image 47,399
1,Image 47,418
2,Image 47,432
3,Image 47,584
4,Image 47,677
5,Image 47,813
6,Image 47,644
7,Image 47,683
8,Image 47,499
9,Image 47,111
0,Image 48,512
1,Image 48,418
2,Image 48,432
3,Image 48,584
4,Image 48,813
5,Image 48,677
6,Image 48,644
7,Image 48,683
8,Image 48,499
9,Image 48,111
0,Image 49,534
1,Image 49,432
2,Image 49,584
3,Image 49,418
4,Image 49,813
5,Image 49,644
6,Image 49,677
7,Image 49,683
8,Image 49,499
9,Image 49,111
0,Image 50,783
1,Image 50,813
2,Image 50,432
3,Image 50,584
4,Image 50,418
5,Image 50,644
6,Image 50,677
7,Image 50,683
8,Image 50,499
9,Image 50,111
0,Image 51,399
1,Image 51,418
2,Image 51,432
3,Image 51,584
4,Image 51,813
5,Image 51,677
6,Image 51,644
7,Image 51,683
8,Image 51,499
9,Image 51,111
0,Image 52,432
1,Image 52,812
2,Image 52,813
3,Image 52,584
4,Image 52,418
5,Image 52,683
6,Image 52,677
7,Image 52,644
8,Image 52,499
9,Image 52,111
0,Image 53,399
1,Image 53,418
2,Image 53,432
3,Image 53,584
4,Image 53,677
5,Image 53,644
6,Image 53,813
7,Image 53,683
8,Image 53,499
9,Image 53,111
0,Image 54,512
1,Image 54,432
2,Image 54,584
3,Image 54,677
4,Image 54,418
5,Image 54,644
6,Image 54,813
7,Image 54,683
8,Image 54,499
9,Image 54,111
0,Image 55,534
1,Image 55,432
2,Image 55,584
3,Image 55,418
4,Image 55,677
5,Image 55,813
6,Image 55,644
7,Image 55,683
8,Image 55,499
9,Image 55,111
0,Image 56,783
1,Image 56,432
2,Image 56,584
3,Image 56,813
4,Image 56,418
5,Image 56,683
6,Image 56,677
7,Image 56,644
8,Image 56,499
9,Image 56,111
0,Image 57,783
1,Image 57,432
2,Image 57,813
3,Image 57,584
4,Image 57,677
5,Image 57,644
6,Image 57,418
7,Image 57,683
8,Image 57,499
9,Image 57,111
0,Image 58,812
1,Image 58,813
2,Image 58,644
3,Image 58,623
4,Image 58,783
5,Image 58,677
6,Image 58,683
7,Image 58,418
8,Image 58,499
9,Image 58,111
0,Image 59,534
1,Image 59,432
2,Image 59,584
3,Image 59,418
4,Image 59,813
5,Image 59,644
6,Image 59,677
7,Image 59,683
8,Image 59,499
9,Image 59,111
0,Image 60,512
1,Image 60,432
2,Image 60,584
3,Image 60,813
4,Image 60,418
5,Image 60,677
6,Image 60,644
7,Image 60,683
8,Image 60,499
9,Image 60,111
0,Image 61,512
1,Image 61,783
2,Image 61,813
3,Image 61,584
4,Image 61,418
5,Image 61,683
6,Image 61,677
7,Image 61,499
8,Image 61,644
9,Image 61,111
0,Image 62,512
1,Image 62,418
2,Image 62,432
3,Image 62,584
4,Image 62,813
5,Image 62,677
6,Image 62,644
7,Image 62,683
8,Image 62,499
9,Image 62,111
0,Image 63,512
1,Image 63,432
2,Image 63,677
3,Image 63,644
4,Image 63,584
5,Image 63,813
6,Image 63,418
7,Image 63,683
8,Image 63,499
9,Image 63,111
0,Image 64,534
1,Image 64,644
2,Image 64,584
3,Image 64,432
4,Image 64,677
5,Image 64,399
6,Image 64,813
7,Image 64,499
8,Image 64,683
9,Image 64,111
0,Image 65,432
1,Image 65,783
2,Image 65,813
3,Image 65,584
4,Image 65,683
5,Image 65,418
6,Image 65,677
7,Image 65,499
8,Image 65,644
9,Image 65,111
0,Image 66,534
1,Image 66,432
2,Image 66,584
3,Image 66,418
4,Image 66,677
5,Image 66,813
6,Image 66,644
7,Image 66,683
8,Image 66,499
9,Image 66,111
0,Image 67,534
1,Image 67,418
2,Image 67,432
3,Image 67,584
4,Image 67,677
5,Image 67,813
6,Image 67,644
7,Image 67,683
8,Image 67,499
9,Image 67,111
0,Image 68,399
1,Image 68,432
2,Image 68,584
3,Image 68,644
4,Image 68,677
5,Image 68,418
6,Image 68,813
7,Image 68,499
8,Image 68,683
9,Image 68,111
0,Image 69,534
1,Image 69,418
2,Image 69,432
3,Image 69,584
4,Image 69,644
5,Image 69,813
6,Image 69,677
7,Image 69,683
8,Image 69,499
9,Image 69,111
0,Image 70,534
1,Image 70,418
2,Image 70,432
3,Image 70,584
4,Image 70,677
5,Image 70,644
6,Image 70,813
7,Image 70,683
8,Image 70,499
9,Image 70,111
0,Image 71,399
1,Image 71,418
2,Image 71,432
3,Image 71,584
4,Image 71,677
5,Image 71,813
6,Image 71,644
7,Image 71,683
8,Image 71,499
9,Image 71,111
0,Image 72,534
1,Image 72,644
2,Image 72,432
3,Image 72,418
4,Image 72,584
5,Image 72,677
6,Image 72,813
7,Image 72,683
8,Image 72,499
9,Image 72,111
0,Image 73,512
1,Image 73,432
2,Image 73,418
3,Image 73,584
4,Image 73,677
5,Image 73,813
6,Image 73,644
7,Image 73,683
8,Image 73,499
9,Image 73,111
0,Image 74,534
1,Image 74,432
2,Image 74,644
3,Image 74,677
4,Image 74,584
5,Image 74,418
6,Image 74,813
7,Image 74,683
8,Image 74,499
9,Image 74,111
0,Image 75,512
1,Image 75,432
2,Image 75,418
3,Image 75,584
4,Image 75,813
5,Image 75,677
6,Image 75,644
7,Image 75,683
8,Image 75,499
9,Image 75,111
0,Image 76,534
1,Image 76,432
2,Image 76,644
3,Image 76,677
4,Image 76,584
5,Image 76,418
6,Image 76,813
7,Image 76,683
8,Image 76,499
9,Image 76,111
0,Image 77,534
1,Image 77,432
2,Image 77,418
3,Image 77,677
4,Image 77,584
5,Image 77,813
6,Image 77,644
7,Image 77,683
8,Image 77,499
9,Image 77,111
0,Image 78,399
1,Image 78,418
2,Image 78,432
3,Image 78,584
4,Image 78,813
5,Image 78,677
6,Image 78,683
7,Image 78,644
8,Image 78,499
9,Image 78,111
0,Image 79,812
1,Image 79,399
2,Image 79,813
3,Image 79,584
4,Image 79,677
5,Image 79,418
6,Image 79,683
7,Image 79,644
8,Image 79,499
9,Image 79,111
0,Image 80,512
1,Image 80,432
2,Image 80,584
3,Image 80,677
4,Image 80,813
5,Image 80,418
6,Image 80,644
7,Image 80,683
8,Image 80,499
9,Image 80,111
0,Image 81,399
1,Image 81,432
2,Image 81,418
3,Image 81,677
4,Image 81,584
5,Image 81,644
6,Image 81,813
7,Image 81,683
8,Image 81,499
9,Image 81,111
0,Image 82,399
1,Image 82,432
2,Image 82,584
3,Image 82,418
4,Image 82,644
5,Image 82,677
6,Image 82,813
7,Image 82,683
8,Image 82,499
9,Image 82,111
0,Image 83,432
1,Image 83,783
2,Image 83,813
3,Image 83,584
4,Image 83,418
5,Image 83,677
6,Image 83,683
7,Image 83,499
8,Image 83,644
9,Image 83,111
0,Image 84,783
1,Image 84,432
2,Image 84,418
3,Image 84,813
4,Image 84,584
5,Image 84,683
6,Image 84,677
7,Image 84,499
8,Image 84,644
9,Image 84,111
0,Image 85,512
1,Image 85,432
2,Image 85,418
3,Image 85,584
4,Image 85,813
5,Image 85,677
6,Image 85,644
7,Image 85,683
8,Image 85,499
9,Image 85,111
0,Image 86,534
1,Image 86,813
2,Image 86,432
3,Image 86,584
4,Image 86,644
5,Image 86,677
6,Image 86,418
7,Image 86,683
8,Image 86,499
9,Image 86,111
0,Image 87,512
1,Image 87,644
2,Image 87,432
3,Image 87,677
4,Image 87,584
5,Image 87,418
6,Image 87,813
7,Image 87,683
8,Image 87,499
9,Image 87,111
0,Image 88,534
1,Image 88,418
2,Image 88,432
3,Image 88,584
4,Image 88,677
5,Image 88,813
6,Image 88,644
7,Image 88,683
8,Image 88,499
9,Image 88,111
0,Image 89,512
1,Image 89,432
2,Image 89,418
3,Image 89,677
4,Image 89,584
5,Image 89,644
6,Image 89,813
7,Image 89,683
8,Image 89,499
9,Image 89,111
0,Image 90,512
1,Image 90,432
2,Image 90,418
3,Image 90,584
4,Image 90,677
5,Image 90,644
6,Image 90,813
7,Image 90,683
8,Image 90,499
9,Image 90,111
0,Image 91,534
1,Image 91,432
2,Image 91,584
3,Image 91,418
4,Image 91,677
5,Image 91,813
6,Image 91,644
7,Image 91,683
8,Image 91,499
9,Image 91,111
0,Image 92,584
1,Image 92,432
2,Image 92,644
3,Image 92,418
4,Image 92,399
5,Image 92,677
6,Image 92,813
7,Image 92,499
8,Image 92,683
9,Image 92,111
0,Image 93,512
1,Image 93,584
2,Image 93,432
3,Image 93,813
4,Image 93,418
5,Image 93,677
6,Image 93,683
7,Image 93,644
8,Image 93,499
9,Image 93,111
0,Image 94,512
1,Image 94,418
2,Image 94,432
3,Image 94,677
4,Image 94,584
5,Image 94,644
6,Image 94,813
7,Image 94,683
8,Image 94,499
9,Image 94,111
0,Image 95,512
1,Image 95,432
2,Image 95,584
3,Image 95,677
4,Image 95,813
5,Image 95,644
6,Image 95,418
7,Image 95,683
8,Image 95,499
9,Image 95,111
0,Image 96,534
1,Image 96,432
2,Image 96,418
3,Image 96,584
4,Image 96,813
5,Image 96,644
6,Image 96,677
7,Image 96,683
8,Image 96,499
9,Image 96,111
0,Image 97,534
1,Image 97,418
2,Image 97,432
3,Image 97,584
4,Image 97,677
5,Image 97,644
6,Image 97,813
7,Image 97,683
8,Image 97,499
9,Image 97,111
0,Image 98,512
1,Image 98,432
2,Image 98,644
3,Image 98,677
4,Image 98,584
5,Image 98,813
6,Image 98,418
7,Image 98,683
8,Image 98,499
9,Image 98,111
0,Image 99,534
1,Image 99,644
2,Image 99,432
3,Image 99,584
4,Image 99,677
5,Image 99,813
6,Image 99,418
7,Image 99,683
8,Image 99,499
9,Image 99,111
0,Image 100,534
1,Image 100,432
2,Image 100,418
3,Image 100,584
4,Image 100,677
5,Image 100,813
6,Image 100,644
7,Image 100,683
8,Image 100,499
9,Image 100,111
0,Image 101,534
1,Image 101,584
2,Image 101,432
3,Image 101,813
4,Image 101,418
5,Image 101,644
6,Image 101,677
7,Image 101,683
8,Image 101,499
9,Image 101,111
0,Image 102,534
1,Image 102,644
2,Image 102,432
3,Image 102,677
4,Image 102,584
5,Image 102,813
6,Image 102,418
7,Image 102,683
8,Image 102,499
9,Image 102,111
0,Image 103,812
1,Image 103,584
2,Image 103,534
3,Image 103,813
4,Image 103,677
5,Image 103,418
6,Image 103,644
7,Image 103,683
8,Image 103,499
9,Image 103,111
0,Image 104,812
1,Image 104,432
2,Image 104,783
3,Image 104,813
4,Image 104,644
5,Image 104,418
6,Image 104,677
7,Image 104,683
8,Image 104,499
9,Image 104,111
0,Image 105,812
1,Image 105,584
2,Image 105,432
3,Image 105,813
4,Image 105,418
5,Image 105,644
6,Image 105,677
7,Image 105,683
8,Image 105,499
9,Image 105,111
0,Image 106,534
1,Image 106,432
2,Image 106,584
3,Image 106,813
4,Image 106,677
5,Image 106,418
6,Image 106,644
7,Image 106,683
8,Image 106,499
9,Image 106,111
0,Image 107,534
1,Image 107,418
2,Image 107,432
3,Image 107,584
4,Image 107,813
5,Image 107,677
6,Image 107,644
7,Image 107,683
8,Image 107,499
9,Image 107,111
