,Image,Object
0,Image 0,512
1,Image 0,432
2,Image 0,584
3,Image 0,813
4,Image 0,418
5,Image 0,677
6,Image 0,683
7,Image 0,644
8,Image 0,499
9,Image 0,111
0,Image 1,534
1,Image 1,432
2,Image 1,584
3,Image 1,813
4,Image 1,644
5,Image 1,677
6,Image 1,418
7,Image 1,683
8,Image 1,499
9,Image 1,111
0,Image 2,512
1,Image 2,432
2,Image 2,584
3,Image 2,418
4,Image 2,677
5,Image 2,813
6,Image 2,644
7,Image 2,683
8,Image 2,499
9,Image 2,111
0,Image 3,534
1,Image 3,432
2,Image 3,677
3,Image 3,418
4,Image 3,644
5,Image 3,584
6,Image 3,813
7,Image 3,683
8,Image 3,499
9,Image 3,111
0,Image 4,534
1,Image 4,432
2,Image 4,584
3,Image 4,677
4,Image 4,418
5,Image 4,644
6,Image 4,813
7,Image 4,683
8,Image 4,499
9,Image 4,111
0,Image 5,512
1,Image 5,432
2,Image 5,813
3,Image 5,584
4,Image 5,677
5,Image 5,644
6,Image 5,418
7,Image 5,683
8,Image 5,499
9,Image 5,111
0,Image 6,534
1,Image 6,432
2,Image 6,677
3,Image 6,584
4,Image 6,644
5,Image 6,813
6,Image 6,418
7,Image 6,683
8,Image 6,499
9,Image 6,111
0,Image 7,534
1,Image 7,432
2,Image 7,584
3,Image 7,677
4,Image 7,813
5,Image 7,418
6,Image 7,644
7,Image 7,683
8,Image 7,499
9,Image 7,111
0,Image 8,512
1,Image 8,432
2,Image 8,584
3,Image 8,677
4,Image 8,644
5,Image 8,813
6,Image 8,418
7,Image 8,683
8,Image 8,499
9,Image 8,111
0,Image 9,512
1,Image 9,432
2,Image 9,584
3,Image 9,677
4,Image 9,418
5,Image 9,813
6,Image 9,644
7,Image 9,683
8,Image 9,499
9,Image 9,111
0,Image 10,512
1,Image 10,432
2,Image 10,584
3,Image 10,677
4,Image 10,813
5,Image 10,644
6,Image 10,418
7,Image 10,683
8,Image 10,499
9,Image 10,111
0,Image 11,812
1,Image 11,432
2,Image 11,584
3,Image 11,813
4,Image 11,644
5,Image 11,677
6,Image 11,418
7,Image 11,683
8,Image 11,499
9,Image 11,111
0,Image 12,512
1,Image 12,432
2,Image 12,644
3,Image 12,677
4,Image 12,584
5,Image 12,418
6,Image 12,813
7,Image 12,683
8,Image 12,499
9,Image 12,111
0,Image 13,512
1,Image 13,432
2,Image 13,584
3,Image 13,813
4,Image 13,644
5,Image 13,677
6,Image 13,418
7,Image 13,683
8,Image 13,499
9,Image 13,111
0,Image 14,812
1,Image 14,432
2,Image 14,813
3,Image 14,584
4,Image 14,677
5,Image 14,644
6,Image 14,418
7,Image 14,683
8,Image 14,499
9,Image 14,111
0,Image 15,812
1,Image 15,644
2,Image 15,432
3,Image 15,677
4,Image 15,418
5,Image 15,584
6,Image 15,813
7,Image 15,683
8,Image 15,499
9,Image 15,111
0,Image 16,534
1,Image 16,418
2,Image 16,432
3,Image 16,644
4,Image 16,813
5,Image 16,677
6,Image 16,584
7,Image 16,683
8,Image 16,499
9,Image 16,111
0,Image 17,512
1,Image 17,432
2,Image 17,813
3,Image 17,584
4,Image 17,644
5,Image 17,677
6,Image 17,418
7,Image 17,683
8,Image 17,499
9,Image 17,111
0,Image 18,812
1,Image 18,432
2,Image 18,584
3,Image 18,677
4,Image 18,644
5,Image 18,813
6,Image 18,418
7,Image 18,683
8,Image 18,499
9,Image 18,111
0,Image 19,534
1,Image 19,432
2,Image 19,418
3,Image 19,677
4,Image 19,584
5,Image 19,644
6,Image 19,813
7,Image 19,683
8,Image 19,499
9,Image 19,111
0,Image 20,512
1,Image 20,432
2,Image 20,584
3,Image 20,644
4,Image 20,813
5,Image 20,677
6,Image 20,418
7,Image 20,683
8,Image 20,499
9,Image 20,111
0,Image 21,534
1,Image 21,432
2,Image 21,418
3,Image 21,584
4,Image 21,813
5,Image 21,677
6,Image 21,644
7,Image 21,683
8,Image 21,499
9,Image 21,111
0,Image 22,512
1,Image 22,432
2,Image 22,584
3,Image 22,813
4,Image 22,418
5,Image 22,677
6,Image 22,644
7,Image 22,683
8,Image 22,499
9,Image 22,111
0,Image 23,512
1,Image 23,432
2,Image 23,418
3,Image 23,677
4,Image 23,644
5,Image 23,584
6,Image 23,813
7,Image 23,683
8,Image 23,499
9,Image 23,111
0,Image 24,512
1,Image 24,418
2,Image 24,432
3,Image 24,677
4,Image 24,584
5,Image 24,644
6,Image 24,813
7,Image 24,683
8,Image 24,499
9,Image 24,111
0,Image 25,399
1,Image 25,418
2,Image 25,432
3,Image 25,677
4,Image 25,584
5,Image 25,644
6,Image 25,813
7,Image 25,683
8,Image 25,499
9,Image 25,111
0,Image 26,534
1,Image 26,432
2,Image 26,644
3,Image 26,677
4,Image 26,418
5,Image 26,584
6,Image 26,813
7,Image 26,683
8,Image 26,499
9,Image 26,111
0,Image 27,512
1,Image 27,644
2,Image 27,432
3,Image 27,677
4,Image 27,418
5,Image 27,584
6,Image 27,813
7,Image 27,683
8,Image 27,499
9,Image 27,111
0,Image 28,399
1,Image 28,432
2,Image 28,584
3,Image 28,644
4,Image 28,677
5,Image 28,418
6,Image 28,813
7,Image 28,683
8,Image 28,499
9,Image 28,111
0,Image 29,534
1,Image 29,432
2,Image 29,584
3,Image 29,813
4,Image 29,677
5,Image 29,644
6,Image 29,418
7,Image 29,683
8,Image 29,499
9,Image 29,111
0,Image 30,534
1,Image 30,432
2,Image 30,584
3,Image 30,644
4,Image 30,677
5,Image 30,813
6,Image 30,418
7,Image 30,683
8,Image 30,499
9,Image 30,111
0,Image 31,534
1,Image 31,432
2,Image 31,584
3,Image 31,813
4,Image 31,644
5,Image 31,677
6,Image 31,418
7,Image 31,683
8,Image 31,499
9,Image 31,111
0,Image 32,512
1,Image 32,432
2,Image 32,813
3,Image 32,584
4,Image 32,677
5,Image 32,418
6,Image 32,644
7,Image 32,683
8,Image 32,499
9,Image 32,111
0,Image 33,512
1,Image 33,418
2,Image 33,432
3,Image 33,644
4,Image 33,584
5,Image 33,677
6,Image 33,813
7,Image 33,683
8,Image 33,499
9,Image 33,111
0,Image 34,534
1,Image 34,432
2,Image 34,418
3,Image 34,584
4,Image 34,677
5,Image 34,644
6,Image 34,813
7,Image 34,683
8,Image 34,499
9,Image 34,111
0,Image 35,432
1,Image 35,813
2,Image 35,584
3,Image 35,534
4,Image 35,418
5,Image 35,677
6,Image 35,683
7,Image 35,644
8,Image 35,499
9,Image 35,111
0,Image 36,512
1,Image 36,432
2,Image 36,677
3,Image 36,644
4,Image 36,418
5,Image 36,584
6,Image 36,813
7,Image 36,683
8,Image 36,499
9,Image 36,111
0,Image 37,512
1,Image 37,432
2,Image 37,584
3,Image 37,677
4,Image 37,813
5,Image 37,644
6,Image 37,418
7,Image 37,683
8,Image 37,499
9,Image 37,111
0,Image 38,512
1,Image 38,432
2,Image 38,644
3,Image 38,418
4,Image 38,584
5,Image 38,677
6,Image 38,813
7,Image 38,683
8,Image 38,499
9,Image 38,111
0,Image 39,512
1,Image 39,432
2,Image 39,584
3,Image 39,813
4,Image 39,677
5,Image 39,644
6,Image 39,418
7,Image 39,683
8,Image 39,499
9,Image 39,111
0,Image 40,512
1,Image 40,813
2,Image 40,432
3,Image 40,418
4,Image 40,584
5,Image 40,683
6,Image 40,677
7,Image 40,644
8,Image 40,499
9,Image 40,111
0,Image 41,512
1,Image 41,432
2,Image 41,813
3,Image 41,584
4,Image 41,418
5,Image 41,677
6,Image 41,644
7,Image 41,683
8,Image 41,499
9,Image 41,111
0,Image 42,512
1,Image 42,418
2,Image 42,432
3,Image 42,584
4,Image 42,677
5,Image 42,644
6,Image 42,813
7,Image 42,683
8,Image 42,499
9,Image 42,111
0,Image 43,399
1,Image 43,418
2,Image 43,432
3,Image 43,584
4,Image 43,677
5,Image 43,813
6,Image 43,644
7,Image 43,683
8,Image 43,499
9,Image 43,111
0,Image 44,512
1,Image 44,432
2,Image 44,418
3,Image 44,677
4,Image 44,813
5,Image 44,644
6,Image 44,584
7,Image 44,683
8,Image 44,499
9,Image 44,111
0,Image 45,534
1,Image 45,432
2,Image 45,418
3,Image 45,584
4,Image 45,813
5,Image 45,677
6,Image 45,644
7,Image 45,683
8,Image 45,499
9,Image 45,111
0,Image 46,534
1,Image 46,644
2,Image 46,432
3,Image 46,677
4,Image 46,584
5,Image 46,813
6,Image 46,418
7,Image 46,683
8,Image 46,499
9,Image 46,111
0,Image 47,399
1,Image 47,644
2,Image 47,677
3,Image 47,432
4,Image 47,418
5,Image 47,584
6,Image 47,813
7,Image 47,683
8,Image 47,499
9,Image 47,111
0,Image 48,512
1,Image 48,418
2,Image 48,432
3,Image 48,584
4,Image 48,677
5,Image 48,644
6,Image 48,813
7,Image 48,683
8,Image 48,499
9,Image 48,111
0,Image 49,399
1,Image 49,432
2,Image 49,418
3,Image 49,644
4,Image 49,677
5,Image 49,584
6,Image 49,813
7,Image 49,683
8,Image 49,499
9,Image 49,111
0,Image 50,399
1,Image 50,418
2,Image 50,432
3,Image 50,584
4,Image 50,677
5,Image 50,813
6,Image 50,644
7,Image 50,683
8,Image 50,499
9,Image 50,111
0,Image 51,399
1,Image 51,418
2,Image 51,432
3,Image 51,584
4,Image 51,677
5,Image 51,644
6,Image 51,813
7,Image 51,683
8,Image 51,499
9,Image 51,111
0,Image 52,399
1,Image 52,418
2,Image 52,432
3,Image 52,584
4,Image 52,677
5,Image 52,813
6,Image 52,644
7,Image 52,683
8,Image 52,499
9,Image 52,111
0,Image 53,399
1,Image 53,418
2,Image 53,432
3,Image 53,584
4,Image 53,677
5,Image 53,644
6,Image 53,813
7,Image 53,683
8,Image 53,499
9,Image 53,111
0,Image 54,512
1,Image 54,432
2,Image 54,418
3,Image 54,584
4,Image 54,677
5,Image 54,813
6,Image 54,644
7,Image 54,683
8,Image 54,499
9,Image 54,111
0,Image 55,534
1,Image 55,432
2,Image 55,584
3,Image 55,644
4,Image 55,418
5,Image 55,813
6,Image 55,677
7,Image 55,683
8,Image 55,499
9,Image 55,111
0,Image 56,512
1,Image 56,418
2,Image 56,432
3,Image 56,584
4,Image 56,677
5,Image 56,644
6,Image 56,813
7,Image 56,683
8,Image 56,499
9,Image 56,111
0,Image 57,512
1,Image 57,418
2,Image 57,432
3,Image 57,584
4,Image 57,677
5,Image 57,813
6,Image 57,644
7,Image 57,683
8,Image 57,499
9,Image 57,111
0,Image 58,399
1,Image 58,418
2,Image 58,432
3,Image 58,584
4,Image 58,677
5,Image 58,644
6,Image 58,813
7,Image 58,683
8,Image 58,499
9,Image 58,111
0,Image 59,399
1,Image 59,418
2,Image 59,432
3,Image 59,584
4,Image 59,677
5,Image 59,813
6,Image 59,644
7,Image 59,683
8,Image 59,499
9,Image 59,111
0,Image 60,399
1,Image 60,418
2,Image 60,432
3,Image 60,584
4,Image 60,677
5,Image 60,813
6,Image 60,644
7,Image 60,683
8,Image 60,499
9,Image 60,111
0,Image 61,399
1,Image 61,418
2,Image 61,432
3,Image 61,584
4,Image 61,677
5,Image 61,644
6,Image 61,813
7,Image 61,683
8,Image 61,499
9,Image 61,111
0,Image 62,399
1,Image 62,418
2,Image 62,432
3,Image 62,584
4,Image 62,677
5,Image 62,644
6,Image 62,813
7,Image 62,683
8,Image 62,499
9,Image 62,111
0,Image 63,399
1,Image 63,418
2,Image 63,432
3,Image 63,584
4,Image 63,677
5,Image 63,644
6,Image 63,813
7,Image 63,683
8,Image 63,499
9,Image 63,111
0,Image 64,399
1,Image 64,418
2,Image 64,432
3,Image 64,584
4,Image 64,677
5,Image 64,644
6,Image 64,813
7,Image 64,683
8,Image 64,499
9,Image 64,111
0,Image 65,399
1,Image 65,418
2,Image 65,432
3,Image 65,584
4,Image 65,677
5,Image 65,644
6,Image 65,813
7,Image 65,683
8,Image 65,499
9,Image 65,111
0,Image 66,534
1,Image 66,418
2,Image 66,432
3,Image 66,584
4,Image 66,677
5,Image 66,644
6,Image 66,813
7,Image 66,683
8,Image 66,499
9,Image 66,111
0,Image 67,399
1,Image 67,418
2,Image 67,432
3,Image 67,584
4,Image 67,677
5,Image 67,813
6,Image 67,644
7,Image 67,683
8,Image 67,499
9,Image 67,111
0,Image 68,512
1,Image 68,432
2,Image 68,418
3,Image 68,584
4,Image 68,644
5,Image 68,677
6,Image 68,813
7,Image 68,683
8,Image 68,499
9,Image 68,111
0,Image 69,512
1,Image 69,418
2,Image 69,432
3,Image 69,584
4,Image 69,677
5,Image 69,813
6,Image 69,644
7,Image 69,683
8,Image 69,499
9,Image 69,111
0,Image 70,512
1,Image 70,418
2,Image 70,432
3,Image 70,584
4,Image 70,677
5,Image 70,644
6,Image 70,813
7,Image 70,683
8,Image 70,499
9,Image 70,111
0,Image 71,399
1,Image 71,418
2,Image 71,432
3,Image 71,584
4,Image 71,677
5,Image 71,644
6,Image 71,813
7,Image 71,683
8,Image 71,499
9,Image 71,111
0,Image 72,534
1,Image 72,418
2,Image 72,432
3,Image 72,644
4,Image 72,677
5,Image 72,584
6,Image 72,813
7,Image 72,683
8,Image 72,499
9,Image 72,111
0,Image 73,534
1,Image 73,418
2,Image 73,432
3,Image 73,584
4,Image 73,677
5,Image 73,644
6,Image 73,813
7,Image 73,683
8,Image 73,499
9,Image 73,111
0,Image 74,399
1,Image 74,418
2,Image 74,432
3,Image 74,584
4,Image 74,677
5,Image 74,644
6,Image 74,813
7,Image 74,683
8,Image 74,499
9,Image 74,111
0,Image 75,399
1,Image 75,418
2,Image 75,432
3,Image 75,584
4,Image 75,677
5,Image 75,644
6,Image 75,813
7,Image 75,683
8,Image 75,499
9,Image 75,111
0,Image 76,399
1,Image 76,418
2,Image 76,432
3,Image 76,584
4,Image 76,677
5,Image 76,644
6,Image 76,813
7,Image 76,683
8,Image 76,499
9,Image 76,111
0,Image 77,534
1,Image 77,432
2,Image 77,418
3,Image 77,644
4,Image 77,677
5,Image 77,584
6,Image 77,813
7,Image 77,683
8,Image 77,499
9,Image 77,111
0,Image 78,399
1,Image 78,418
2,Image 78,432
3,Image 78,584
4,Image 78,677
5,Image 78,813
6,Image 78,644
7,Image 78,683
8,Image 78,499
9,Image 78,111
0,Image 79,534
1,Image 79,418
2,Image 79,432
3,Image 79,584
4,Image 79,644
5,Image 79,677
6,Image 79,813
7,Image 79,683
8,Image 79,499
9,Image 79,111
0,Image 80,534
1,Image 80,418
2,Image 80,432
3,Image 80,584
4,Image 80,677
5,Image 80,644
6,Image 80,813
7,Image 80,683
8,Image 80,499
9,Image 80,111
0,Image 81,534
1,Image 81,432
2,Image 81,644
3,Image 81,677
4,Image 81,584
5,Image 81,418
6,Image 81,813
7,Image 81,683
8,Image 81,499
9,Image 81,111
0,Image 82,534
1,Image 82,432
2,Image 82,584
3,Image 82,644
4,Image 82,677
5,Image 82,813
6,Image 82,418
7,Image 82,683
8,Image 82,499
9,Image 82,111
0,Image 83,512
1,Image 83,432
2,Image 83,644
3,Image 83,677
4,Image 83,584
5,Image 83,813
6,Image 83,418
7,Image 83,683
8,Image 83,499
9,Image 83,111
0,Image 84,512
1,Image 84,432
2,Image 84,584
3,Image 84,644
4,Image 84,677
5,Image 84,813
6,Image 84,418
7,Image 84,683
8,Image 84,499
9,Image 84,111
0,Image 85,534
1,Image 85,644
2,Image 85,677
3,Image 85,432
4,Image 85,584
5,Image 85,418
6,Image 85,813
7,Image 85,683
8,Image 85,499
9,Image 85,111
0,Image 86,812
1,Image 86,534
2,Image 86,584
3,Image 86,813
4,Image 86,644
5,Image 86,677
6,Image 86,418
7,Image 86,683
8,Image 86,499
9,Image 86,111
0,Image 87,512
1,Image 87,432
2,Image 87,418
3,Image 87,677
4,Image 87,584
5,Image 87,644
6,Image 87,813
7,Image 87,683
8,Image 87,499
9,Image 87,111
0,Image 88,534
1,Image 88,432
2,Image 88,584
3,Image 88,813
4,Image 88,644
5,Image 88,418
6,Image 88,677
7,Image 88,683
8,Image 88,499
9,Image 88,111
0,Image 89,534
1,Image 89,432
2,Image 89,584
3,Image 89,644
4,Image 89,813
5,Image 89,677
6,Image 89,418
7,Image 89,683
8,Image 89,499
9,Image 89,111
0,Image 90,534
1,Image 90,432
2,Image 90,644
3,Image 90,584
4,Image 90,677
5,Image 90,813
6,Image 90,418
7,Image 90,683
8,Image 90,499
9,Image 90,111
0,Image 91,534
1,Image 91,432
2,Image 91,418
3,Image 91,584
4,Image 91,677
5,Image 91,644
6,Image 91,813
7,Image 91,683
8,Image 91,499
9,Image 91,111
0,Image 92,534
1,Image 92,432
2,Image 92,813
3,Image 92,584
4,Image 92,418
5,Image 92,683
6,Image 92,677
7,Image 92,644
8,Image 92,499
9,Image 92,111
0,Image 93,534
1,Image 93,432
2,Image 93,644
3,Image 93,418
4,Image 93,677
5,Image 93,584
6,Image 93,813
7,Image 93,683
8,Image 93,499
9,Image 93,111
0,Image 94,534
1,Image 94,644
2,Image 94,432
3,Image 94,677
4,Image 94,418
5,Image 94,584
6,Image 94,813
7,Image 94,683
8,Image 94,499
9,Image 94,111
0,Image 95,512
1,Image 95,432
2,Image 95,677
3,Image 95,418
4,Image 95,584
5,Image 95,644
6,Image 95,813
7,Image 95,683
8,Image 95,499
9,Image 95,111
0,Image 96,534
1,Image 96,432
2,Image 96,584
3,Image 96,813
4,Image 96,644
5,Image 96,677
6,Image 96,418
7,Image 96,683
8,Image 96,499
9,Image 96,111
0,Image 97,534
1,Image 97,432
2,Image 97,418
3,Image 97,584
4,Image 97,677
5,Image 97,644
6,Image 97,813
7,Image 97,683
8,Image 97,499
9,Image 97,111
0,Image 98,399
1,Image 98,432
2,Image 98,418
3,Image 98,584
4,Image 98,677
5,Image 98,644
6,Image 98,813
7,Image 98,683
8,Image 98,499
9,Image 98,111
0,Image 99,399
1,Image 99,644
2,Image 99,677
3,Image 99,432
4,Image 99,418
5,Image 99,584
6,Image 99,813
7,Image 99,683
8,Image 99,499
9,Image 99,111
0,Image 100,534
1,Image 100,432
2,Image 100,813
3,Image 100,584
4,Image 100,677
5,Image 100,644
6,Image 100,418
7,Image 100,683
8,Image 100,499
9,Image 100,111
0,Image 101,534
1,Image 101,432
2,Image 101,677
3,Image 101,644
4,Image 101,584
5,Image 101,418
6,Image 101,813
7,Image 101,683
8,Image 101,499
9,Image 101,111
0,Image 102,534
1,Image 102,432
2,Image 102,644
3,Image 102,584
4,Image 102,677
5,Image 102,418
6,Image 102,813
7,Image 102,683
8,Image 102,499
9,Image 102,111
0,Image 103,534
1,Image 103,432
2,Image 103,644
3,Image 103,677
4,Image 103,584
5,Image 103,418
6,Image 103,813
7,Image 103,683
8,Image 103,499
9,Image 103,111
0,Image 104,534
1,Image 104,432
2,Image 104,644
3,Image 104,677
4,Image 104,584
5,Image 104,418
6,Image 104,813
7,Image 104,683
8,Image 104,499
9,Image 104,111
0,Image 105,512
1,Image 105,432
2,Image 105,418
3,Image 105,677
4,Image 105,644
5,Image 105,584
6,Image 105,813
7,Image 105,683
8,Image 105,499
9,Image 105,111
0,Image 106,812
1,Image 106,432
2,Image 106,644
3,Image 106,813
4,Image 106,584
5,Image 106,677
6,Image 106,418
7,Image 106,683
8,Image 106,499
9,Image 106,111
0,Image 107,812
1,Image 107,432
2,Image 107,584
3,Image 107,644
4,Image 107,677
5,Image 107,813
6,Image 107,418
7,Image 107,683
8,Image 107,499
9,Image 107,111
0,Image 108,784
1,Image 108,623
2,Image 108,783
3,Image 108,812
4,Image 108,644
5,Image 108,683
6,Image 108,677
7,Image 108,418
8,Image 108,499
9,Image 108,111
0,Image 109,812
1,Image 109,432
2,Image 109,584
3,Image 109,813
4,Image 109,644
5,Image 109,677
6,Image 109,418
7,Image 109,683
8,Image 109,499
9,Image 109,111
0,Image 110,812
1,Image 110,432
2,Image 110,584
3,Image 110,813
4,Image 110,644
5,Image 110,677
6,Image 110,418
7,Image 110,683
8,Image 110,499
9,Image 110,111
0,Image 111,432
1,Image 111,812
2,Image 111,813
3,Image 111,584
4,Image 111,644
5,Image 111,677
6,Image 111,418
7,Image 111,683
8,Image 111,499
9,Image 111,111
0,Image 112,623
1,Image 112,432
2,Image 112,584
3,Image 112,813
4,Image 112,644
5,Image 112,677
6,Image 112,418
7,Image 112,683
8,Image 112,499
9,Image 112,111
0,Image 113,432
1,Image 113,812
2,Image 113,813
3,Image 113,584
4,Image 113,644
5,Image 113,677
6,Image 113,418
7,Image 113,683
8,Image 113,499
9,Image 113,111
0,Image 114,534
1,Image 114,432
2,Image 114,644
3,Image 114,584
4,Image 114,677
5,Image 114,813
6,Image 114,418
7,Image 114,683
8,Image 114,499
9,Image 114,111
0,Image 115,623
1,Image 115,644
2,Image 115,432
3,Image 115,677
4,Image 115,584
5,Image 115,813
6,Image 115,418
7,Image 115,683
8,Image 115,499
9,Image 115,111
0,Image 116,534
1,Image 116,432
2,Image 116,813
3,Image 116,584
4,Image 116,644
5,Image 116,677
6,Image 116,418
7,Image 116,683
8,Image 116,499
9,Image 116,111
0,Image 117,399
1,Image 117,432
2,Image 117,584
3,Image 117,644
4,Image 117,677
5,Image 117,418
6,Image 117,813
7,Image 117,683
8,Image 117,499
9,Image 117,111
0,Image 118,812
1,Image 118,432
2,Image 118,644
3,Image 118,677
4,Image 118,584
5,Image 118,813
6,Image 118,418
7,Image 118,683
8,Image 118,499
9,Image 118,111
0,Image 119,783
1,Image 119,432
2,Image 119,813
3,Image 119,584
4,Image 119,677
5,Image 119,418
6,Image 119,644
7,Image 119,683
8,Image 119,499
9,Image 119,111
0,Image 120,623
1,Image 120,644
2,Image 120,432
3,Image 120,584
4,Image 120,677
5,Image 120,813
6,Image 120,418
7,Image 120,683
8,Image 120,499
9,Image 120,111
0,Image 121,534
1,Image 121,432
2,Image 121,584
3,Image 121,644
4,Image 121,813
5,Image 121,677
6,Image 121,418
7,Image 121,683
8,Image 121,499
9,Image 121,111
0,Image 122,812
1,Image 122,584
2,Image 122,432
3,Image 122,813
4,Image 122,644
5,Image 122,677
6,Image 122,418
7,Image 122,683
8,Image 122,499
9,Image 122,111
0,Image 123,812
1,Image 123,432
2,Image 123,813
3,Image 123,584
4,Image 123,644
5,Image 123,677
6,Image 123,418
7,Image 123,683
8,Image 123,499
9,Image 123,111
0,Image 124,623
1,Image 124,432
2,Image 124,584
3,Image 124,644
4,Image 124,813
5,Image 124,677
6,Image 124,418
7,Image 124,683
8,Image 124,499
9,Image 124,111
0,Image 125,534
1,Image 125,432
2,Image 125,644
3,Image 125,677
4,Image 125,584
5,Image 125,813
6,Image 125,418
7,Image 125,683
8,Image 125,499
9,Image 125,111
0,Image 126,512
1,Image 126,432
2,Image 126,584
3,Image 126,813
4,Image 126,677
5,Image 126,418
6,Image 126,644
7,Image 126,683
8,Image 126,499
9,Image 126,111
0,Image 127,812
1,Image 127,432
2,Image 127,584
3,Image 127,813
4,Image 127,644
5,Image 127,677
6,Image 127,418
7,Image 127,683
8,Image 127,499
9,Image 127,111
0,Image 128,812
1,Image 128,432
2,Image 128,677
3,Image 128,584
4,Image 128,644
5,Image 128,813
6,Image 128,418
7,Image 128,683
8,Image 128,499
9,Image 128,111
0,Image 129,812
1,Image 129,432
2,Image 129,584
3,Image 129,813
4,Image 129,677
5,Image 129,644
6,Image 129,418
7,Image 129,683
8,Image 129,499
9,Image 129,111
0,Image 130,512
1,Image 130,432
2,Image 130,584
3,Image 130,813
4,Image 130,677
5,Image 130,644
6,Image 130,418
7,Image 130,683
8,Image 130,499
9,Image 130,111
0,Image 131,512
1,Image 131,432
2,Image 131,813
3,Image 131,584
4,Image 131,644
5,Image 131,677
6,Image 131,418
7,Image 131,683
8,Image 131,499
9,Image 131,111
0,Image 132,512
1,Image 132,644
2,Image 132,432
3,Image 132,584
4,Image 132,677
5,Image 132,813
6,Image 132,418
7,Image 132,683
8,Image 132,499
9,Image 132,111
0,Image 133,812
1,Image 133,432
2,Image 133,584
3,Image 133,813
4,Image 133,677
5,Image 133,644
6,Image 133,418
7,Image 133,683
8,Image 133,499
9,Image 133,111
0,Image 134,534
1,Image 134,432
2,Image 134,644
3,Image 134,584
4,Image 134,677
5,Image 134,418
6,Image 134,813
7,Image 134,683
8,Image 134,499
9,Image 134,111
0,Image 135,783
1,Image 135,432
2,Image 135,813
3,Image 135,584
4,Image 135,677
5,Image 135,644
6,Image 135,418
7,Image 135,683
8,Image 135,499
9,Image 135,111
0,Image 136,512
1,Image 136,432
2,Image 136,418
3,Image 136,677
4,Image 136,584
5,Image 136,644
6,Image 136,813
7,Image 136,683
8,Image 136,499
9,Image 136,111
0,Image 137,534
1,Image 137,432
2,Image 137,644
3,Image 137,418
4,Image 137,677
5,Image 137,584
6,Image 137,813
7,Image 137,683
8,Image 137,499
9,Image 137,111
0,Image 138,512
1,Image 138,432
2,Image 138,584
3,Image 138,813
4,Image 138,644
5,Image 138,677
6,Image 138,418
7,Image 138,683
8,Image 138,499
9,Image 138,111
0,Image 139,512
1,Image 139,432
2,Image 139,677
3,Image 139,418
4,Image 139,584
5,Image 139,813
6,Image 139,644
7,Image 139,683
8,Image 139,499
9,Image 139,111
0,Image 140,534
1,Image 140,644
2,Image 140,813
3,Image 140,584
4,Image 140,432
5,Image 140,677
6,Image 140,418
7,Image 140,683
8,Image 140,499
9,Image 140,111
0,Image 141,512
1,Image 141,432
2,Image 141,584
3,Image 141,644
4,Image 141,677
5,Image 141,813
6,Image 141,418
7,Image 141,683
8,Image 141,499
9,Image 141,111
0,Image 142,534
1,Image 142,432
2,Image 142,644
3,Image 142,584
4,Image 142,677
5,Image 142,813
6,Image 142,418
7,Image 142,683
8,Image 142,499
9,Image 142,111
0,Image 143,512
1,Image 143,432
2,Image 143,644
3,Image 143,584
4,Image 143,677
5,Image 143,813
6,Image 143,418
7,Image 143,683
8,Image 143,499
9,Image 143,111
0,Image 144,534
1,Image 144,432
2,Image 144,584
3,Image 144,644
4,Image 144,813
5,Image 144,677
6,Image 144,418
7,Image 144,683
8,Image 144,499
9,Image 144,111
0,Image 145,812
1,Image 145,432
2,Image 145,584
3,Image 145,813
4,Image 145,677
5,Image 145,644
6,Image 145,418
7,Image 145,683
8,Image 145,499
9,Image 145,111
0,Image 146,534
1,Image 146,432
2,Image 146,813
3,Image 146,584
4,Image 146,644
5,Image 146,677
6,Image 146,418
7,Image 146,683
8,Image 146,499
9,Image 146,111
0,Image 147,512
1,Image 147,432
2,Image 147,644
3,Image 147,677
4,Image 147,584
5,Image 147,418
6,Image 147,813
7,Image 147,683
8,Image 147,499
9,Image 147,111
0,Image 148,534
1,Image 148,432
2,Image 148,813
3,Image 148,584
4,Image 148,677
5,Image 148,644
6,Image 148,418
7,Image 148,683
8,Image 148,499
9,Image 148,111
0,Image 149,534
1,Image 149,432
2,Image 149,418
3,Image 149,584
4,Image 149,644
5,Image 149,677
6,Image 149,813
7,Image 149,683
8,Image 149,499
9,Image 149,111
0,Image 150,512
1,Image 150,432
2,Image 150,644
3,Image 150,813
4,Image 150,584
5,Image 150,677
6,Image 150,418
7,Image 150,683
8,Image 150,499
9,Image 150,111
0,Image 151,623
1,Image 151,432
2,Image 151,584
3,Image 151,813
4,Image 151,644
5,Image 151,677
6,Image 151,418
7,Image 151,683
8,Image 151,499
9,Image 151,111
0,Image 152,534
1,Image 152,783
2,Image 152,584
3,Image 152,812
4,Image 152,644
5,Image 152,677
6,Image 152,683
7,Image 152,418
8,Image 152,499
9,Image 152,111
0,Image 153,812
1,Image 153,432
2,Image 153,584
3,Image 153,813
4,Image 153,644
5,Image 153,677
6,Image 153,418
7,Image 153,683
8,Image 153,499
9,Image 153,111
0,Image 154,512
1,Image 154,432
2,Image 154,418
3,Image 154,584
4,Image 154,813
5,Image 154,677
6,Image 154,644
7,Image 154,683
8,Image 154,499
9,Image 154,111
0,Image 155,512
1,Image 155,418
2,Image 155,432
3,Image 155,584
4,Image 155,677
5,Image 155,644
6,Image 155,813
7,Image 155,683
8,Image 155,499
9,Image 155,111
0,Image 156,512
1,Image 156,432
2,Image 156,644
3,Image 156,584
4,Image 156,677
5,Image 156,418
6,Image 156,813
7,Image 156,683
8,Image 156,499
9,Image 156,111
0,Image 157,534
1,Image 157,418
2,Image 157,432
3,Image 157,584
4,Image 157,644
5,Image 157,677
6,Image 157,813
7,Image 157,683
8,Image 157,499
9,Image 157,111
0,Image 158,512
1,Image 158,432
2,Image 158,584
3,Image 158,813
4,Image 158,644
5,Image 158,677
6,Image 158,418
7,Image 158,683
8,Image 158,499
9,Image 158,111
0,Image 159,399
1,Image 159,432
2,Image 159,584
3,Image 159,813
4,Image 159,418
5,Image 159,677
6,Image 159,644
7,Image 159,499
8,Image 159,683
9,Image 159,111
0,Image 160,534
1,Image 160,432
2,Image 160,644
3,Image 160,584
4,Image 160,418
5,Image 160,677
6,Image 160,813
7,Image 160,683
8,Image 160,499
9,Image 160,111
0,Image 161,534
1,Image 161,432
2,Image 161,813
3,Image 161,584
4,Image 161,418
5,Image 161,677
6,Image 161,644
7,Image 161,683
8,Image 161,499
9,Image 161,111
0,Image 162,534
1,Image 162,644
2,Image 162,432
3,Image 162,677
4,Image 162,418
5,Image 162,584
6,Image 162,813
7,Image 162,683
8,Image 162,499
9,Image 162,111
0,Image 163,534
1,Image 163,432
2,Image 163,584
3,Image 163,418
4,Image 163,677
5,Image 163,644
6,Image 163,813
7,Image 163,683
8,Image 163,499
9,Image 163,111
0,Image 164,534
1,Image 164,432
2,Image 164,644
3,Image 164,677
4,Image 164,584
5,Image 164,418
6,Image 164,813
7,Image 164,683
8,Image 164,499
9,Image 164,111
0,Image 165,534
1,Image 165,432
2,Image 165,584
3,Image 165,644
4,Image 165,813
5,Image 165,677
6,Image 165,418
7,Image 165,683
8,Image 165,499
9,Image 165,111
0,Image 166,534
1,Image 166,432
2,Image 166,584
3,Image 166,418
4,Image 166,644
5,Image 166,677
6,Image 166,813
7,Image 166,683
8,Image 166,499
9,Image 166,111
0,Image 167,534
1,Image 167,432
2,Image 167,644
3,Image 167,677
4,Image 167,584
5,Image 167,418
6,Image 167,813
7,Image 167,683
8,Image 167,499
9,Image 167,111
0,Image 168,534
1,Image 168,432
2,Image 168,584
3,Image 168,418
4,Image 168,813
5,Image 168,677
6,Image 168,644
7,Image 168,683
8,Image 168,499
9,Image 168,111
0,Image 169,512
1,Image 169,418
2,Image 169,432
3,Image 169,584
4,Image 169,677
5,Image 169,644
6,Image 169,813
7,Image 169,683
8,Image 169,499
9,Image 169,111
0,Image 170,534
1,Image 170,432
2,Image 170,677
3,Image 170,644
4,Image 170,418
5,Image 170,584
6,Image 170,813
7,Image 170,683
8,Image 170,499
9,Image 170,111
0,Image 171,512
1,Image 171,432
2,Image 171,418
3,Image 171,677
4,Image 171,644
5,Image 171,584
6,Image 171,813
7,Image 171,683
8,Image 171,499
9,Image 171,111
0,Image 172,534
1,Image 172,432
2,Image 172,418
3,Image 172,644
4,Image 172,677
5,Image 172,584
6,Image 172,813
7,Image 172,683
8,Image 172,499
9,Image 172,111
0,Image 173,812
1,Image 173,432
2,Image 173,644
3,Image 173,677
4,Image 173,584
5,Image 173,813
6,Image 173,418
7,Image 173,683
8,Image 173,499
9,Image 173,111
0,Image 174,534
1,Image 174,432
2,Image 174,584
3,Image 174,418
4,Image 174,813
5,Image 174,677
6,Image 174,644
7,Image 174,683
8,Image 174,499
9,Image 174,111
0,Image 175,512
1,Image 175,432
2,Image 175,813
3,Image 175,584
4,Image 175,677
5,Image 175,644
6,Image 175,418
7,Image 175,683
8,Image 175,499
9,Image 175,111
0,Image 176,512
1,Image 176,432
2,Image 176,418
3,Image 176,584
4,Image 176,813
5,Image 176,677
6,Image 176,644
7,Image 176,683
8,Image 176,499
9,Image 176,111
0,Image 177,534
1,Image 177,418
2,Image 177,432
3,Image 177,644
4,Image 177,677
5,Image 177,584
6,Image 177,813
7,Image 177,683
8,Image 177,499
9,Image 177,111
0,Image 178,512
1,Image 178,432
2,Image 178,677
3,Image 178,644
4,Image 178,584
5,Image 178,418
6,Image 178,813
7,Image 178,683
8,Image 178,499
9,Image 178,111
0,Image 179,512
1,Image 179,432
2,Image 179,644
3,Image 179,677
4,Image 179,584
5,Image 179,813
6,Image 179,418
7,Image 179,683
8,Image 179,499
9,Image 179,111
0,Image 180,534
1,Image 180,432
2,Image 180,418
3,Image 180,584
4,Image 180,677
5,Image 180,813
6,Image 180,644
7,Image 180,683
8,Image 180,499
9,Image 180,111
0,Image 181,399
1,Image 181,418
2,Image 181,432
3,Image 181,677
4,Image 181,644
5,Image 181,584
6,Image 181,813
7,Image 181,683
8,Image 181,499
9,Image 181,111
0,Image 182,784
1,Image 182,813
2,Image 182,584
3,Image 182,432
4,Image 182,418
5,Image 182,677
6,Image 182,683
7,Image 182,644
8,Image 182,499
9,Image 182,111
0,Image 183,512
1,Image 183,432
2,Image 183,584
3,Image 183,418
4,Image 183,644
5,Image 183,677
6,Image 183,813
7,Image 183,683
8,Image 183,499
9,Image 183,111
0,Image 184,534
1,Image 184,432
2,Image 184,418
3,Image 184,677
4,Image 184,644
5,Image 184,584
6,Image 184,813
7,Image 184,683
8,Image 184,499
9,Image 184,111
0,Image 185,512
1,Image 185,432
2,Image 185,418
3,Image 185,584
4,Image 185,677
5,Image 185,644
6,Image 185,813
7,Image 185,683
8,Image 185,499
9,Image 185,111
0,Image 186,399
1,Image 186,432
2,Image 186,584
3,Image 186,813
4,Image 186,418
5,Image 186,677
6,Image 186,683
7,Image 186,644
8,Image 186,499
9,Image 186,111
0,Image 187,399
1,Image 187,432
2,Image 187,418
3,Image 187,584
4,Image 187,677
5,Image 187,644
6,Image 187,813
7,Image 187,683
8,Image 187,499
9,Image 187,111
0,Image 188,399
1,Image 188,432
2,Image 188,418
3,Image 188,584
4,Image 188,677
5,Image 188,644
6,Image 188,813
7,Image 188,683
8,Image 188,499
9,Image 188,111
0,Image 189,534
1,Image 189,432
2,Image 189,584
3,Image 189,813
4,Image 189,644
5,Image 189,418
6,Image 189,677
7,Image 189,683
8,Image 189,499
9,Image 189,111
0,Image 190,399
1,Image 190,418
2,Image 190,432
3,Image 190,584
4,Image 190,677
5,Image 190,813
6,Image 190,644
7,Image 190,683
8,Image 190,499
9,Image 190,111
0,Image 191,534
1,Image 191,432
2,Image 191,418
3,Image 191,584
4,Image 191,677
5,Image 191,813
6,Image 191,644
7,Image 191,683
8,Image 191,499
9,Image 191,111
0,Image 192,534
1,Image 192,418
2,Image 192,432
3,Image 192,677
4,Image 192,584
5,Image 192,644
6,Image 192,813
7,Image 192,683
8,Image 192,499
9,Image 192,111
0,Image 193,534
1,Image 193,432
2,Image 193,584
3,Image 193,644
4,Image 193,813
5,Image 193,677
6,Image 193,418
7,Image 193,683
8,Image 193,499
9,Image 193,111
0,Image 194,512
1,Image 194,432
2,Image 194,418
3,Image 194,677
4,Image 194,644
5,Image 194,584
6,Image 194,813
7,Image 194,683
8,Image 194,499
9,Image 194,111
0,Image 195,534
1,Image 195,432
2,Image 195,584
3,Image 195,813
4,Image 195,677
5,Image 195,418
6,Image 195,644
7,Image 195,683
8,Image 195,499
9,Image 195,111
0,Image 196,534
1,Image 196,432
2,Image 196,584
3,Image 196,813
4,Image 196,644
5,Image 196,677
6,Image 196,418
7,Image 196,683
8,Image 196,499
9,Image 196,111
0,Image 197,534
1,Image 197,432
2,Image 197,677
3,Image 197,584
4,Image 197,644
5,Image 197,418
6,Image 197,813
7,Image 197,683
8,Image 197,499
9,Image 197,111
0,Image 198,399
1,Image 198,432
2,Image 198,418
3,Image 198,584
4,Image 198,677
5,Image 198,644
6,Image 198,813
7,Image 198,683
8,Image 198,499
9,Image 198,111
0,Image 199,534
1,Image 199,432
2,Image 199,418
3,Image 199,677
4,Image 199,644
5,Image 199,584
6,Image 199,813
7,Image 199,683
8,Image 199,499
9,Image 199,111
0,Image 200,399
1,Image 200,432
2,Image 200,418
3,Image 200,677
4,Image 200,584
5,Image 200,644
6,Image 200,813
7,Image 200,683
8,Image 200,499
9,Image 200,111
0,Image 201,512
1,Image 201,432
2,Image 201,644
3,Image 201,677
4,Image 201,584
5,Image 201,418
6,Image 201,813
7,Image 201,683
8,Image 201,499
9,Image 201,111
0,Image 202,512
1,Image 202,418
2,Image 202,432
3,Image 202,584
4,Image 202,677
5,Image 202,644
6,Image 202,813
7,Image 202,683
8,Image 202,499
9,Image 202,111
0,Image 203,399
1,Image 203,418
2,Image 203,432
3,Image 203,584
4,Image 203,677
5,Image 203,644
6,Image 203,813
7,Image 203,683
8,Image 203,499
9,Image 203,111
0,Image 204,534
1,Image 204,432
2,Image 204,418
3,Image 204,677
4,Image 204,584
5,Image 204,644
6,Image 204,813
7,Image 204,683
8,Image 204,499
9,Image 204,111
0,Image 205,534
1,Image 205,432
2,Image 205,813
3,Image 205,584
4,Image 205,677
5,Image 205,418
6,Image 205,644
7,Image 205,683
8,Image 205,499
9,Image 205,111
0,Image 206,512
1,Image 206,418
2,Image 206,432
3,Image 206,813
4,Image 206,584
5,Image 206,677
6,Image 206,644
7,Image 206,683
8,Image 206,499
9,Image 206,111
0,Image 207,512
1,Image 207,432
2,Image 207,813
3,Image 207,418
4,Image 207,584
5,Image 207,677
6,Image 207,644
7,Image 207,683
8,Image 207,499
9,Image 207,111
0,Image 208,512
1,Image 208,432
2,Image 208,584
3,Image 208,677
4,Image 208,644
5,Image 208,813
6,Image 208,418
7,Image 208,683
8,Image 208,499
9,Image 208,111
0,Image 209,512
1,Image 209,418
2,Image 209,432
3,Image 209,584
4,Image 209,677
5,Image 209,813
6,Image 209,644
7,Image 209,683
8,Image 209,499
9,Image 209,111
0,Image 210,534
1,Image 210,432
2,Image 210,584
3,Image 210,418
4,Image 210,813
5,Image 210,677
6,Image 210,644
7,Image 210,683
8,Image 210,499
9,Image 210,111
0,Image 211,512
1,Image 211,432
2,Image 211,418
3,Image 211,584
4,Image 211,677
5,Image 211,644
6,Image 211,813
7,Image 211,683
8,Image 211,499
9,Image 211,111
0,Image 212,512
1,Image 212,432
2,Image 212,813
3,Image 212,584
4,Image 212,677
5,Image 212,418
6,Image 212,644
7,Image 212,683
8,Image 212,499
9,Image 212,111
0,Image 213,399
1,Image 213,418
2,Image 213,432
3,Image 213,584
4,Image 213,677
5,Image 213,813
6,Image 213,644
7,Image 213,683
8,Image 213,499
9,Image 213,111
0,Image 214,399
1,Image 214,418
2,Image 214,432
3,Image 214,584
4,Image 214,677
5,Image 214,644
6,Image 214,813
7,Image 214,683
8,Image 214,499
9,Image 214,111
0,Image 215,512
1,Image 215,418
2,Image 215,432
3,Image 215,584
4,Image 215,677
5,Image 215,644
6,Image 215,813
7,Image 215,683
8,Image 215,499
9,Image 215,111
0,Image 216,399
1,Image 216,418
2,Image 216,432
3,Image 216,584
4,Image 216,677
5,Image 216,644
6,Image 216,813
7,Image 216,683
8,Image 216,499
9,Image 216,111
0,Image 217,534
1,Image 217,418
2,Image 217,432
3,Image 217,584
4,Image 217,677
5,Image 217,813
6,Image 217,644
7,Image 217,683
8,Image 217,499
9,Image 217,111
0,Image 218,534
1,Image 218,432
2,Image 218,677
3,Image 218,644
4,Image 218,418
5,Image 218,584
6,Image 218,813
7,Image 218,683
8,Image 218,499
9,Image 218,111
0,Image 219,512
1,Image 219,418
2,Image 219,432
3,Image 219,584
4,Image 219,813
5,Image 219,677
6,Image 219,644
7,Image 219,683
8,Image 219,499
9,Image 219,111
0,Image 220,512
1,Image 220,432
2,Image 220,418
3,Image 220,677
4,Image 220,813
5,Image 220,584
6,Image 220,644
7,Image 220,683
8,Image 220,499
9,Image 220,111
0,Image 221,534
1,Image 221,418
2,Image 221,432
3,Image 221,644
4,Image 221,677
5,Image 221,584
6,Image 221,813
7,Image 221,683
8,Image 221,499
9,Image 221,111
0,Image 222,399
1,Image 222,418
2,Image 222,432
3,Image 222,584
4,Image 222,677
5,Image 222,813
6,Image 222,644
7,Image 222,683
8,Image 222,499
9,Image 222,111
0,Image 223,512
1,Image 223,418
2,Image 223,432
3,Image 223,584
4,Image 223,677
5,Image 223,813
6,Image 223,644
7,Image 223,683
8,Image 223,499
9,Image 223,111
0,Image 224,512
1,Image 224,418
2,Image 224,432
3,Image 224,584
4,Image 224,677
5,Image 224,644
6,Image 224,813
7,Image 224,683
8,Image 224,499
9,Image 224,111
0,Image 225,512
1,Image 225,432
2,Image 225,418
3,Image 225,584
4,Image 225,677
5,Image 225,644
6,Image 225,813
7,Image 225,683
8,Image 225,499
9,Image 225,111
0,Image 226,512
1,Image 226,418
2,Image 226,432
3,Image 226,584
4,Image 226,677
5,Image 226,644
6,Image 226,813
7,Image 226,683
8,Image 226,499
9,Image 226,111
0,Image 227,512
1,Image 227,418
2,Image 227,432
3,Image 227,677
4,Image 227,584
5,Image 227,644
6,Image 227,813
7,Image 227,683
8,Image 227,499
9,Image 227,111
0,Image 228,512
1,Image 228,418
2,Image 228,432
3,Image 228,584
4,Image 228,677
5,Image 228,813
6,Image 228,644
7,Image 228,683
8,Image 228,499
9,Image 228,111
0,Image 229,512
1,Image 229,432
2,Image 229,418
3,Image 229,584
4,Image 229,813
5,Image 229,677
6,Image 229,644
7,Image 229,683
8,Image 229,499
9,Image 229,111
0,Image 230,512
1,Image 230,418
2,Image 230,432
3,Image 230,584
4,Image 230,677
5,Image 230,644
6,Image 230,813
7,Image 230,683
8,Image 230,499
9,Image 230,111
0,Image 231,512
1,Image 231,418
2,Image 231,432
3,Image 231,584
4,Image 231,813
5,Image 231,677
6,Image 231,644
7,Image 231,683
8,Image 231,499
9,Image 231,111
0,Image 232,512
1,Image 232,432
2,Image 232,644
3,Image 232,813
4,Image 232,418
5,Image 232,584
6,Image 232,677
7,Image 232,683
8,Image 232,499
9,Image 232,111
0,Image 233,512
1,Image 233,418
2,Image 233,432
3,Image 233,584
4,Image 233,813
5,Image 233,677
6,Image 233,644
7,Image 233,683
8,Image 233,499
9,Image 233,111
0,Image 234,512
1,Image 234,418
2,Image 234,432
3,Image 234,584
4,Image 234,813
5,Image 234,677
6,Image 234,644
7,Image 234,683
8,Image 234,499
9,Image 234,111
0,Image 235,512
1,Image 235,432
2,Image 235,677
3,Image 235,418
4,Image 235,644
5,Image 235,584
6,Image 235,813
7,Image 235,683
8,Image 235,499
9,Image 235,111
0,Image 236,812
1,Image 236,432
2,Image 236,813
3,Image 236,584
4,Image 236,644
5,Image 236,677
6,Image 236,418
7,Image 236,683
8,Image 236,499
9,Image 236,111
0,Image 237,512
1,Image 237,418
2,Image 237,432
3,Image 237,584
4,Image 237,677
5,Image 237,813
6,Image 237,644
7,Image 237,683
8,Image 237,499
9,Image 237,111
0,Image 238,512
1,Image 238,418
2,Image 238,432
3,Image 238,584
4,Image 238,677
5,Image 238,813
6,Image 238,644
7,Image 238,683
8,Image 238,499
9,Image 238,111
0,Image 239,399
1,Image 239,418
2,Image 239,432
3,Image 239,584
4,Image 239,677
5,Image 239,813
6,Image 239,644
7,Image 239,683
8,Image 239,499
9,Image 239,111
0,Image 240,812
1,Image 240,432
2,Image 240,584
3,Image 240,813
4,Image 240,644
5,Image 240,677
6,Image 240,418
7,Image 240,683
8,Image 240,499
9,Image 240,111
0,Image 241,534
1,Image 241,432
2,Image 241,677
3,Image 241,584
4,Image 241,644
5,Image 241,813
6,Image 241,418
7,Image 241,683
8,Image 241,499
9,Image 241,111
0,Image 242,512
1,Image 242,432
2,Image 242,584
3,Image 242,418
4,Image 242,677
5,Image 242,813
6,Image 242,644
7,Image 242,683
8,Image 242,499
9,Image 242,111
0,Image 243,512
1,Image 243,432
2,Image 243,813
3,Image 243,584
4,Image 243,677
5,Image 243,644
6,Image 243,418
7,Image 243,683
8,Image 243,499
9,Image 243,111
0,Image 244,534
1,Image 244,432
2,Image 244,813
3,Image 244,584
4,Image 244,677
5,Image 244,644
6,Image 244,418
7,Image 244,683
8,Image 244,499
9,Image 244,111
0,Image 245,534
1,Image 245,432
2,Image 245,644
3,Image 245,677
4,Image 245,584
5,Image 245,813
6,Image 245,418
7,Image 245,683
8,Image 245,499
9,Image 245,111
0,Image 246,512
1,Image 246,432
2,Image 246,584
3,Image 246,418
4,Image 246,813
5,Image 246,677
6,Image 246,644
7,Image 246,683
8,Image 246,499
9,Image 246,111
0,Image 247,534
1,Image 247,432
2,Image 247,813
3,Image 247,584
4,Image 247,644
5,Image 247,677
6,Image 247,418
7,Image 247,683
8,Image 247,499
9,Image 247,111
0,Image 248,812
1,Image 248,432
2,Image 248,813
3,Image 248,584
4,Image 248,644
5,Image 248,677
6,Image 248,418
7,Image 248,683
8,Image 248,499
9,Image 248,111
0,Image 249,534
1,Image 249,432
2,Image 249,813
3,Image 249,584
4,Image 249,677
5,Image 249,644
6,Image 249,418
7,Image 249,683
8,Image 249,499
9,Image 249,111
0,Image 250,534
1,Image 250,432
2,Image 250,813
3,Image 250,584
4,Image 250,677
5,Image 250,644
6,Image 250,418
7,Image 250,683
8,Image 250,499
9,Image 250,111
0,Image 251,812
1,Image 251,432
2,Image 251,813
3,Image 251,584
4,Image 251,644
5,Image 251,677
6,Image 251,418
7,Image 251,683
8,Image 251,499
9,Image 251,111
0,Image 252,812
1,Image 252,813
2,Image 252,432
3,Image 252,644
4,Image 252,584
5,Image 252,677
6,Image 252,418
7,Image 252,683
8,Image 252,499
9,Image 252,111
0,Image 253,623
1,Image 253,644
2,Image 253,432
3,Image 253,584
4,Image 253,813
5,Image 253,677
6,Image 253,418
7,Image 253,683
8,Image 253,499
9,Image 253,111
0,Image 254,812
1,Image 254,432
2,Image 254,584
3,Image 254,813
4,Image 254,644
5,Image 254,677
6,Image 254,418
7,Image 254,683
8,Image 254,499
9,Image 254,111
0,Image 255,812
1,Image 255,432
2,Image 255,813
3,Image 255,584
4,Image 255,677
5,Image 255,644
6,Image 255,418
7,Image 255,683
8,Image 255,499
9,Image 255,111
0,Image 256,512
1,Image 256,432
2,Image 256,813
3,Image 256,584
4,Image 256,677
5,Image 256,644
6,Image 256,418
7,Image 256,683
8,Image 256,499
9,Image 256,111
0,Image 257,512
1,Image 257,432
2,Image 257,418
3,Image 257,584
4,Image 257,677
5,Image 257,813
6,Image 257,644
7,Image 257,683
8,Image 257,499
9,Image 257,111
0,Image 258,512
1,Image 258,432
2,Image 258,584
3,Image 258,418
4,Image 258,813
5,Image 258,677
6,Image 258,644
7,Image 258,683
8,Image 258,499
9,Image 258,111
0,Image 259,399
1,Image 259,432
2,Image 259,584
3,Image 259,418
4,Image 259,813
5,Image 259,677
6,Image 259,644
7,Image 259,683
8,Image 259,499
9,Image 259,111
0,Image 260,512
1,Image 260,432
2,Image 260,584
3,Image 260,813
4,Image 260,677
5,Image 260,644
6,Image 260,418
7,Image 260,683
8,Image 260,499
9,Image 260,111
0,Image 261,534
1,Image 261,432
2,Image 261,584
3,Image 261,418
4,Image 261,644
5,Image 261,677
6,Image 261,813
7,Image 261,683
8,Image 261,499
9,Image 261,111
0,Image 262,512
1,Image 262,432
2,Image 262,584
3,Image 262,813
4,Image 262,677
5,Image 262,644
6,Image 262,418
7,Image 262,683
8,Image 262,499
9,Image 262,111
0,Image 263,534
1,Image 263,432
2,Image 263,584
3,Image 263,418
4,Image 263,813
5,Image 263,677
6,Image 263,644
7,Image 263,683
8,Image 263,499
9,Image 263,111
0,Image 264,512
1,Image 264,432
2,Image 264,584
3,Image 264,813
4,Image 264,677
5,Image 264,644
6,Image 264,418
7,Image 264,683
8,Image 264,499
9,Image 264,111
0,Image 265,512
1,Image 265,432
2,Image 265,584
3,Image 265,813
4,Image 265,677
5,Image 265,644
6,Image 265,418
7,Image 265,683
8,Image 265,499
9,Image 265,111
0,Image 266,534
1,Image 266,432
2,Image 266,813
3,Image 266,584
4,Image 266,677
5,Image 266,418
6,Image 266,644
7,Image 266,683
8,Image 266,499
9,Image 266,111
0,Image 267,534
1,Image 267,432
2,Image 267,584
3,Image 267,644
4,Image 267,813
5,Image 267,677
6,Image 267,418
7,Image 267,683
8,Image 267,499
9,Image 267,111
0,Image 268,399
1,Image 268,432
2,Image 268,584
3,Image 268,813
4,Image 268,418
5,Image 268,677
6,Image 268,644
7,Image 268,683
8,Image 268,499
9,Image 268,111
0,Image 269,512
1,Image 269,432
2,Image 269,813
3,Image 269,584
4,Image 269,418
5,Image 269,677
6,Image 269,644
7,Image 269,683
8,Image 269,499
9,Image 269,111
0,Image 270,512
1,Image 270,432
2,Image 270,677
3,Image 270,584
4,Image 270,418
5,Image 270,644
6,Image 270,813
7,Image 270,683
8,Image 270,499
9,Image 270,111
0,Image 271,534
1,Image 271,432
2,Image 271,418
3,Image 271,677
4,Image 271,584
5,Image 271,644
6,Image 271,813
7,Image 271,683
8,Image 271,499
9,Image 271,111
0,Image 272,512
1,Image 272,432
2,Image 272,584
3,Image 272,813
4,Image 272,677
5,Image 272,418
6,Image 272,644
7,Image 272,683
8,Image 272,499
9,Image 272,111
0,Image 273,399
1,Image 273,432
2,Image 273,584
3,Image 273,418
4,Image 273,813
5,Image 273,677
6,Image 273,644
7,Image 273,683
8,Image 273,499
9,Image 273,111
0,Image 274,512
1,Image 274,432
2,Image 274,418
3,Image 274,584
4,Image 274,813
5,Image 274,677
6,Image 274,644
7,Image 274,683
8,Image 274,499
9,Image 274,111
0,Image 275,399
1,Image 275,418
2,Image 275,432
3,Image 275,584
4,Image 275,813
5,Image 275,677
6,Image 275,644
7,Image 275,683
8,Image 275,499
9,Image 275,111
0,Image 276,534
1,Image 276,432
2,Image 276,584
3,Image 276,813
4,Image 276,677
5,Image 276,418
6,Image 276,644
7,Image 276,683
8,Image 276,499
9,Image 276,111
0,Image 277,534
1,Image 277,432
2,Image 277,584
3,Image 277,677
4,Image 277,813
5,Image 277,644
6,Image 277,418
7,Image 277,683
8,Image 277,499
9,Image 277,111
0,Image 278,534
1,Image 278,418
2,Image 278,432
3,Image 278,584
4,Image 278,677
5,Image 278,644
6,Image 278,813
7,Image 278,683
8,Image 278,499
9,Image 278,111
0,Image 279,399
1,Image 279,432
2,Image 279,418
3,Image 279,677
4,Image 279,584
5,Image 279,644
6,Image 279,813
7,Image 279,683
8,Image 279,499
9,Image 279,111
0,Image 280,399
1,Image 280,432
2,Image 280,584
3,Image 280,418
4,Image 280,813
5,Image 280,677
6,Image 280,644
7,Image 280,683
8,Image 280,499
9,Image 280,111
0,Image 281,812
1,Image 281,432
2,Image 281,584
3,Image 281,813
4,Image 281,644
5,Image 281,677
6,Image 281,418
7,Image 281,683
8,Image 281,499
9,Image 281,111
0,Image 282,512
1,Image 282,432
2,Image 282,418
3,Image 282,584
4,Image 282,677
5,Image 282,644
6,Image 282,813
7,Image 282,683
8,Image 282,499
9,Image 282,111
0,Image 283,512
1,Image 283,432
2,Image 283,418
3,Image 283,584
4,Image 283,677
5,Image 283,644
6,Image 283,813
7,Image 283,683
8,Image 283,499
9,Image 283,111
0,Image 284,512
1,Image 284,432
2,Image 284,584
3,Image 284,677
4,Image 284,644
5,Image 284,813
6,Image 284,418
7,Image 284,683
8,Image 284,499
9,Image 284,111
0,Image 285,534
1,Image 285,432
2,Image 285,584
3,Image 285,644
4,Image 285,677
5,Image 285,813
6,Image 285,418
7,Image 285,683
8,Image 285,499
9,Image 285,111
0,Image 286,512
1,Image 286,418
2,Image 286,432
3,Image 286,584
4,Image 286,813
5,Image 286,677
6,Image 286,644
7,Image 286,683
8,Image 286,499
9,Image 286,111
0,Image 287,512
1,Image 287,432
2,Image 287,813
3,Image 287,677
4,Image 287,644
5,Image 287,584
6,Image 287,418
7,Image 287,683
8,Image 287,499
9,Image 287,111
0,Image 288,534
1,Image 288,432
2,Image 288,584
3,Image 288,813
4,Image 288,677
5,Image 288,644
6,Image 288,418
7,Image 288,683
8,Image 288,499
9,Image 288,111
0,Image 289,512
1,Image 289,432
2,Image 289,418
3,Image 289,677
4,Image 289,584
5,Image 289,644
6,Image 289,813
7,Image 289,683
8,Image 289,499
9,Image 289,111
0,Image 290,512
1,Image 290,432
2,Image 290,418
3,Image 290,677
4,Image 290,584
5,Image 290,813
6,Image 290,644
7,Image 290,683
8,Image 290,499
9,Image 290,111
0,Image 291,512
1,Image 291,432
2,Image 291,644
3,Image 291,677
4,Image 291,584
5,Image 291,418
6,Image 291,813
7,Image 291,683
8,Image 291,499
9,Image 291,111
0,Image 292,534
1,Image 292,432
2,Image 292,644
3,Image 292,677
4,Image 292,584
5,Image 292,813
6,Image 292,418
7,Image 292,683
8,Image 292,499
9,Image 292,111
0,Image 293,512
1,Image 293,432
2,Image 293,584
3,Image 293,813
4,Image 293,677
5,Image 293,644
6,Image 293,418
7,Image 293,683
8,Image 293,499
9,Image 293,111
0,Image 294,534
1,Image 294,432
2,Image 294,644
3,Image 294,677
4,Image 294,584
5,Image 294,813
6,Image 294,418
7,Image 294,683
8,Image 294,499
9,Image 294,111
0,Image 295,534
1,Image 295,432
2,Image 295,644
3,Image 295,584
4,Image 295,677
5,Image 295,418
6,Image 295,813
7,Image 295,683
8,Image 295,499
9,Image 295,111
0,Image 296,534
1,Image 296,432
2,Image 296,644
3,Image 296,584
4,Image 296,677
5,Image 296,418
6,Image 296,813
7,Image 296,683
8,Image 296,499
9,Image 296,111
0,Image 297,512
1,Image 297,432
2,Image 297,813
3,Image 297,677
4,Image 297,584
5,Image 297,644
6,Image 297,418
7,Image 297,683
8,Image 297,499
9,Image 297,111
0,Image 298,512
1,Image 298,432
2,Image 298,584
3,Image 298,813
4,Image 298,677
5,Image 298,644
6,Image 298,418
7,Image 298,683
8,Image 298,499
9,Image 298,111
0,Image 299,512
1,Image 299,432
2,Image 299,677
3,Image 299,584
4,Image 299,813
5,Image 299,644
6,Image 299,418
7,Image 299,683
8,Image 299,499
9,Image 299,111
0,Image 300,534
1,Image 300,418
2,Image 300,432
3,Image 300,584
4,Image 300,813
5,Image 300,677
6,Image 300,644
7,Image 300,683
8,Image 300,499
9,Image 300,111
0,Image 301,512
1,Image 301,432
2,Image 301,418
3,Image 301,813
4,Image 301,584
5,Image 301,683
6,Image 301,677
7,Image 301,644
8,Image 301,499
9,Image 301,111
0,Image 302,512
1,Image 302,432
2,Image 302,418
3,Image 302,584
4,Image 302,813
5,Image 302,677
6,Image 302,644
7,Image 302,683
8,Image 302,499
9,Image 302,111
0,Image 303,512
1,Image 303,432
2,Image 303,418
3,Image 303,584
4,Image 303,813
5,Image 303,677
6,Image 303,644
7,Image 303,683
8,Image 303,499
9,Image 303,111
0,Image 304,512
1,Image 304,432
2,Image 304,813
3,Image 304,584
4,Image 304,418
5,Image 304,677
6,Image 304,644
7,Image 304,683
8,Image 304,499
9,Image 304,111
0,Image 305,512
1,Image 305,432
2,Image 305,644
3,Image 305,677
4,Image 305,584
5,Image 305,813
6,Image 305,418
7,Image 305,683
8,Image 305,499
9,Image 305,111
0,Image 306,512
1,Image 306,432
2,Image 306,584
3,Image 306,418
4,Image 306,677
5,Image 306,644
6,Image 306,813
7,Image 306,683
8,Image 306,499
9,Image 306,111
0,Image 307,534
1,Image 307,432
2,Image 307,644
3,Image 307,677
4,Image 307,418
5,Image 307,584
6,Image 307,813
7,Image 307,683
8,Image 307,499
9,Image 307,111
0,Image 308,534
1,Image 308,418
2,Image 308,432
3,Image 308,584
4,Image 308,813
5,Image 308,677
6,Image 308,644
7,Image 308,683
8,Image 308,499
9,Image 308,111
0,Image 309,512
1,Image 309,432
2,Image 309,418
3,Image 309,584
4,Image 309,677
5,Image 309,813
6,Image 309,644
7,Image 309,683
8,Image 309,499
9,Image 309,111
0,Image 310,534
1,Image 310,432
2,Image 310,418
3,Image 310,584
4,Image 310,677
5,Image 310,644
6,Image 310,813
7,Image 310,683
8,Image 310,499
9,Image 310,111
0,Image 311,512
1,Image 311,432
2,Image 311,584
3,Image 311,677
4,Image 311,644
5,Image 311,813
6,Image 311,418
7,Image 311,683
8,Image 311,499
9,Image 311,111
0,Image 312,399
1,Image 312,432
2,Image 312,584
3,Image 312,418
4,Image 312,813
5,Image 312,677
6,Image 312,644
7,Image 312,683
8,Image 312,499
9,Image 312,111
0,Image 313,512
1,Image 313,432
2,Image 313,644
3,Image 313,677
4,Image 313,584
5,Image 313,418
6,Image 313,813
7,Image 313,683
8,Image 313,499
9,Image 313,111
0,Image 314,534
1,Image 314,432
2,Image 314,644
3,Image 314,677
4,Image 314,584
5,Image 314,418
6,Image 314,813
7,Image 314,683
8,Image 314,499
9,Image 314,111
0,Image 315,512
1,Image 315,432
2,Image 315,418
3,Image 315,644
4,Image 315,584
5,Image 315,677
6,Image 315,813
7,Image 315,683
8,Image 315,499
9,Image 315,111
0,Image 316,512
1,Image 316,432
2,Image 316,677
3,Image 316,644
4,Image 316,584
5,Image 316,813
6,Image 316,418
7,Image 316,683
8,Image 316,499
9,Image 316,111
0,Image 317,534
1,Image 317,432
2,Image 317,418
3,Image 317,677
4,Image 317,644
5,Image 317,584
6,Image 317,813
7,Image 317,683
8,Image 317,499
9,Image 317,111
0,Image 318,512
1,Image 318,432
2,Image 318,418
3,Image 318,584
4,Image 318,677
5,Image 318,644
6,Image 318,813
7,Image 318,683
8,Image 318,499
9,Image 318,111
0,Image 319,399
1,Image 319,432
2,Image 319,584
3,Image 319,418
4,Image 319,677
5,Image 319,644
6,Image 319,813
7,Image 319,683
8,Image 319,499
9,Image 319,111
0,Image 320,512
1,Image 320,418
2,Image 320,432
3,Image 320,584
4,Image 320,677
5,Image 320,813
6,Image 320,644
7,Image 320,683
8,Image 320,499
9,Image 320,111
0,Image 321,812
1,Image 321,432
2,Image 321,584
3,Image 321,813
4,Image 321,644
5,Image 321,677
6,Image 321,418
7,Image 321,683
8,Image 321,499
9,Image 321,111
0,Image 322,512
1,Image 322,432
2,Image 322,418
3,Image 322,584
4,Image 322,677
5,Image 322,644
6,Image 322,813
7,Image 322,683
8,Image 322,499
9,Image 322,111
0,Image 323,512
1,Image 323,432
2,Image 323,418
3,Image 323,584
4,Image 323,677
5,Image 323,813
6,Image 323,644
7,Image 323,683
8,Image 323,499
9,Image 323,111
0,Image 324,623
1,Image 324,432
2,Image 324,584
3,Image 324,813
4,Image 324,644
5,Image 324,677
6,Image 324,418
7,Image 324,683
8,Image 324,499
9,Image 324,111
0,Image 325,534
1,Image 325,418
2,Image 325,432
3,Image 325,584
4,Image 325,677
5,Image 325,644
6,Image 325,813
7,Image 325,683
8,Image 325,499
9,Image 325,111
0,Image 326,512
1,Image 326,418
2,Image 326,432
3,Image 326,584
4,Image 326,677
5,Image 326,644
6,Image 326,813
7,Image 326,683
8,Image 326,499
9,Image 326,111
0,Image 327,512
1,Image 327,432
2,Image 327,584
3,Image 327,677
4,Image 327,418
5,Image 327,644
6,Image 327,813
7,Image 327,683
8,Image 327,499
9,Image 327,111
0,Image 328,534
1,Image 328,432
2,Image 328,584
3,Image 328,418
4,Image 328,813
5,Image 328,677
6,Image 328,644
7,Image 328,683
8,Image 328,499
9,Image 328,111
0,Image 329,399
1,Image 329,418
2,Image 329,432
3,Image 329,584
4,Image 329,677
5,Image 329,644
6,Image 329,813
7,Image 329,683
8,Image 329,499
9,Image 329,111
0,Image 330,534
1,Image 330,432
2,Image 330,644
3,Image 330,584
4,Image 330,677
5,Image 330,418
6,Image 330,813
7,Image 330,683
8,Image 330,499
9,Image 330,111
0,Image 331,534
1,Image 331,432
2,Image 331,584
3,Image 331,418
4,Image 331,644
5,Image 331,677
6,Image 331,813
7,Image 331,683
8,Image 331,499
9,Image 331,111
0,Image 332,512
1,Image 332,644
2,Image 332,432
3,Image 332,584
4,Image 332,677
5,Image 332,813
6,Image 332,418
7,Image 332,683
8,Image 332,499
9,Image 332,111
0,Image 333,512
1,Image 333,418
2,Image 333,432
3,Image 333,584
4,Image 333,677
5,Image 333,644
6,Image 333,813
7,Image 333,683
8,Image 333,499
9,Image 333,111
0,Image 334,512
1,Image 334,432
2,Image 334,418
3,Image 334,677
4,Image 334,584
5,Image 334,644
6,Image 334,813
7,Image 334,683
8,Image 334,499
9,Image 334,111
0,Image 335,512
1,Image 335,432
2,Image 335,418
3,Image 335,644
4,Image 335,584
5,Image 335,677
6,Image 335,813
7,Image 335,683
8,Image 335,499
9,Image 335,111
0,Image 336,534
1,Image 336,418
2,Image 336,432
3,Image 336,644
4,Image 336,584
5,Image 336,677
6,Image 336,813
7,Image 336,683
8,Image 336,499
9,Image 336,111
0,Image 337,512
1,Image 337,432
2,Image 337,813
3,Image 337,418
4,Image 337,584
5,Image 337,644
6,Image 337,677
7,Image 337,683
8,Image 337,499
9,Image 337,111
0,Image 338,512
1,Image 338,432
2,Image 338,584
3,Image 338,677
4,Image 338,813
5,Image 338,418
6,Image 338,644
7,Image 338,683
8,Image 338,499
9,Image 338,111
0,Image 339,512
1,Image 339,432
2,Image 339,584
3,Image 339,813
4,Image 339,418
5,Image 339,644
6,Image 339,677
7,Image 339,683
8,Image 339,499
9,Image 339,111
0,Image 340,399
1,Image 340,432
2,Image 340,584
3,Image 340,418
4,Image 340,813
5,Image 340,677
6,Image 340,644
7,Image 340,683
8,Image 340,499
9,Image 340,111
0,Image 341,512
1,Image 341,432
2,Image 341,418
3,Image 341,584
4,Image 341,813
5,Image 341,677
6,Image 341,644
7,Image 341,683
8,Image 341,499
9,Image 341,111
0,Image 342,534
1,Image 342,432
2,Image 342,644
3,Image 342,584
4,Image 342,677
5,Image 342,813
6,Image 342,418
7,Image 342,683
8,Image 342,499
9,Image 342,111
0,Image 343,534
1,Image 343,418
2,Image 343,644
3,Image 343,432
4,Image 343,677
5,Image 343,584
6,Image 343,813
7,Image 343,683
8,Image 343,499
9,Image 343,111
0,Image 344,534
1,Image 344,418
2,Image 344,432
3,Image 344,644
4,Image 344,677
5,Image 344,584
6,Image 344,813
7,Image 344,683
8,Image 344,499
9,Image 344,111
0,Image 345,623
1,Image 345,432
2,Image 345,584
3,Image 345,644
4,Image 345,813
5,Image 345,677
6,Image 345,418
7,Image 345,683
8,Image 345,499
9,Image 345,111
0,Image 346,512
1,Image 346,432
2,Image 346,644
3,Image 346,677
4,Image 346,584
5,Image 346,418
6,Image 346,813
7,Image 346,683
8,Image 346,499
9,Image 346,111
0,Image 347,534
1,Image 347,432
2,Image 347,584
3,Image 347,644
4,Image 347,677
5,Image 347,813
6,Image 347,418
7,Image 347,683
8,Image 347,499
9,Image 347,111
0,Image 348,812
1,Image 348,432
2,Image 348,584
3,Image 348,813
4,Image 348,644
5,Image 348,677
6,Image 348,418
7,Image 348,683
8,Image 348,499
9,Image 348,111
0,Image 349,512
1,Image 349,644
2,Image 349,432
3,Image 349,677
4,Image 349,584
5,Image 349,813
6,Image 349,418
7,Image 349,683
8,Image 349,499
9,Image 349,111
0,Image 350,812
1,Image 350,432
2,Image 350,584
3,Image 350,813
4,Image 350,644
5,Image 350,677
6,Image 350,683
7,Image 350,418
8,Image 350,499
9,Image 350,111
0,Image 351,584
1,Image 351,783
2,Image 351,432
3,Image 351,813
4,Image 351,644
5,Image 351,677
6,Image 351,418
7,Image 351,683
8,Image 351,499
9,Image 351,111
0,Image 352,534
1,Image 352,432
2,Image 352,584
3,Image 352,644
4,Image 352,677
5,Image 352,813
6,Image 352,418
7,Image 352,683
8,Image 352,499
9,Image 352,111
0,Image 353,812
1,Image 353,432
2,Image 353,584
3,Image 353,644
4,Image 353,813
5,Image 353,677
6,Image 353,418
7,Image 353,683
8,Image 353,499
9,Image 353,111
0,Image 354,534
1,Image 354,644
2,Image 354,432
3,Image 354,677
4,Image 354,584
5,Image 354,813
6,Image 354,418
7,Image 354,683
8,Image 354,499
9,Image 354,111
0,Image 355,534
1,Image 355,432
2,Image 355,644
3,Image 355,677
4,Image 355,584
5,Image 355,418
6,Image 355,813
7,Image 355,683
8,Image 355,499
9,Image 355,111
0,Image 356,512
1,Image 356,432
2,Image 356,584
3,Image 356,677
4,Image 356,813
5,Image 356,644
6,Image 356,418
7,Image 356,683
8,Image 356,499
9,Image 356,111
0,Image 357,812
1,Image 357,432
2,Image 357,813
3,Image 357,584
4,Image 357,644
5,Image 357,677
6,Image 357,418
7,Image 357,683
8,Image 357,499
9,Image 357,111
0,Image 358,512
1,Image 358,432
2,Image 358,584
3,Image 358,677
4,Image 358,813
5,Image 358,644
6,Image 358,418
7,Image 358,683
8,Image 358,499
9,Image 358,111
0,Image 359,512
1,Image 359,432
2,Image 359,584
3,Image 359,677
4,Image 359,418
5,Image 359,813
6,Image 359,644
7,Image 359,683
8,Image 359,499
9,Image 359,111
0,Image 360,512
1,Image 360,432
2,Image 360,584
3,Image 360,418
4,Image 360,677
5,Image 360,813
6,Image 360,644
7,Image 360,683
8,Image 360,499
9,Image 360,111
0,Image 361,512
1,Image 361,432
2,Image 361,584
3,Image 361,677
4,Image 361,418
5,Image 361,813
6,Image 361,644
7,Image 361,683
8,Image 361,499
9,Image 361,111
0,Image 362,512
1,Image 362,432
2,Image 362,584
3,Image 362,677
4,Image 362,813
5,Image 362,644
6,Image 362,418
7,Image 362,683
8,Image 362,499
9,Image 362,111
0,Image 363,534
1,Image 363,644
2,Image 363,432
3,Image 363,677
4,Image 363,584
5,Image 363,813
6,Image 363,418
7,Image 363,683
8,Image 363,499
9,Image 363,111
0,Image 364,512
1,Image 364,432
2,Image 364,584
3,Image 364,813
4,Image 364,677
5,Image 364,418
6,Image 364,644
7,Image 364,683
8,Image 364,499
9,Image 364,111
0,Image 365,512
1,Image 365,432
2,Image 365,677
3,Image 365,813
4,Image 365,584
5,Image 365,418
6,Image 365,644
7,Image 365,683
8,Image 365,499
9,Image 365,111
0,Image 366,512
1,Image 366,432
2,Image 366,584
3,Image 366,418
4,Image 366,677
5,Image 366,813
6,Image 366,644
7,Image 366,683
8,Image 366,499
9,Image 366,111
0,Image 367,812
1,Image 367,432
2,Image 367,813
3,Image 367,584
4,Image 367,644
5,Image 367,418
6,Image 367,677
7,Image 367,683
8,Image 367,499
9,Image 367,111
0,Image 368,534
1,Image 368,644
2,Image 368,432
3,Image 368,677
4,Image 368,418
5,Image 368,584
6,Image 368,813
7,Image 368,683
8,Image 368,499
9,Image 368,111
0,Image 369,512
1,Image 369,432
2,Image 369,644
3,Image 369,584
4,Image 369,677
5,Image 369,813
6,Image 369,418
7,Image 369,683
8,Image 369,499
9,Image 369,111
0,Image 370,812
1,Image 370,432
2,Image 370,644
3,Image 370,584
4,Image 370,677
5,Image 370,813
6,Image 370,418
7,Image 370,683
8,Image 370,499
9,Image 370,111
0,Image 371,534
1,Image 371,644
2,Image 371,432
3,Image 371,677
4,Image 371,584
5,Image 371,813
6,Image 371,418
7,Image 371,683
8,Image 371,499
9,Image 371,111
0,Image 372,512
1,Image 372,432
2,Image 372,644
3,Image 372,677
4,Image 372,584
5,Image 372,418
6,Image 372,813
7,Image 372,683
8,Image 372,499
9,Image 372,111
0,Image 373,512
1,Image 373,432
2,Image 373,644
3,Image 373,677
4,Image 373,584
5,Image 373,813
6,Image 373,418
7,Image 373,683
8,Image 373,499
9,Image 373,111
0,Image 374,534
1,Image 374,432
2,Image 374,644
3,Image 374,584
4,Image 374,677
5,Image 374,813
6,Image 374,418
7,Image 374,683
8,Image 374,499
9,Image 374,111
0,Image 375,534
1,Image 375,432
2,Image 375,584
3,Image 375,677
4,Image 375,644
5,Image 375,813
6,Image 375,418
7,Image 375,683
8,Image 375,499
9,Image 375,111
0,Image 376,512
1,Image 376,432
2,Image 376,644
3,Image 376,584
4,Image 376,677
5,Image 376,813
6,Image 376,418
7,Image 376,683
8,Image 376,499
9,Image 376,111
0,Image 377,534
1,Image 377,432
2,Image 377,644
3,Image 377,677
4,Image 377,584
5,Image 377,813
6,Image 377,418
7,Image 377,683
8,Image 377,499
9,Image 377,111
0,Image 378,534
1,Image 378,432
2,Image 378,644
3,Image 378,584
4,Image 378,813
5,Image 378,677
6,Image 378,418
7,Image 378,683
8,Image 378,499
9,Image 378,111
0,Image 379,534
1,Image 379,432
2,Image 379,584
3,Image 379,644
4,Image 379,677
5,Image 379,813
6,Image 379,418
7,Image 379,683
8,Image 379,499
9,Image 379,111
0,Image 380,534
1,Image 380,644
2,Image 380,432
3,Image 380,677
4,Image 380,584
5,Image 380,418
6,Image 380,813
7,Image 380,683
8,Image 380,499
9,Image 380,111
0,Image 381,512
1,Image 381,432
2,Image 381,677
3,Image 381,584
4,Image 381,644
5,Image 381,418
6,Image 381,813
7,Image 381,683
8,Image 381,499
9,Image 381,111
0,Image 382,534
1,Image 382,432
2,Image 382,644
3,Image 382,584
4,Image 382,677
5,Image 382,813
6,Image 382,418
7,Image 382,683
8,Image 382,499
9,Image 382,111
0,Image 383,512
1,Image 383,432
2,Image 383,418
3,Image 383,584
4,Image 383,677
5,Image 383,644
6,Image 383,813
7,Image 383,683
8,Image 383,499
9,Image 383,111
0,Image 384,812
1,Image 384,432
2,Image 384,644
3,Image 384,584
4,Image 384,677
5,Image 384,813
6,Image 384,418
7,Image 384,683
8,Image 384,499
9,Image 384,111
0,Image 385,534
1,Image 385,432
2,Image 385,644
3,Image 385,584
4,Image 385,677
5,Image 385,813
6,Image 385,418
7,Image 385,683
8,Image 385,499
9,Image 385,111
0,Image 386,512
1,Image 386,432
2,Image 386,677
3,Image 386,644
4,Image 386,418
5,Image 386,584
6,Image 386,813
7,Image 386,683
8,Image 386,499
9,Image 386,111
0,Image 387,534
1,Image 387,813
2,Image 387,644
3,Image 387,432
4,Image 387,677
5,Image 387,584
6,Image 387,418
7,Image 387,683
8,Image 387,499
9,Image 387,111
0,Image 388,812
1,Image 388,644
2,Image 388,432
3,Image 388,677
4,Image 388,584
5,Image 388,813
6,Image 388,418
7,Image 388,683
8,Image 388,499
9,Image 388,111
0,Image 389,812
1,Image 389,432
2,Image 389,584
3,Image 389,813
4,Image 389,644
5,Image 389,677
6,Image 389,418
7,Image 389,683
8,Image 389,499
9,Image 389,111
0,Image 390,534
1,Image 390,432
2,Image 390,584
3,Image 390,813
4,Image 390,644
5,Image 390,677
6,Image 390,418
7,Image 390,683
8,Image 390,499
9,Image 390,111
0,Image 391,812
1,Image 391,432
2,Image 391,584
3,Image 391,644
4,Image 391,813
5,Image 391,677
6,Image 391,418
7,Image 391,683
8,Image 391,499
9,Image 391,111
0,Image 392,512
1,Image 392,432
2,Image 392,644
3,Image 392,677
4,Image 392,418
5,Image 392,584
6,Image 392,813
7,Image 392,683
8,Image 392,499
9,Image 392,111
0,Image 393,512
1,Image 393,432
2,Image 393,418
3,Image 393,644
4,Image 393,584
5,Image 393,677
6,Image 393,813
7,Image 393,683
8,Image 393,499
9,Image 393,111
0,Image 394,534
1,Image 394,644
2,Image 394,432
3,Image 394,584
4,Image 394,677
5,Image 394,418
6,Image 394,813
7,Image 394,683
8,Image 394,499
9,Image 394,111
0,Image 395,534
1,Image 395,432
2,Image 395,418
3,Image 395,813
4,Image 395,584
5,Image 395,644
6,Image 395,677
7,Image 395,683
8,Image 395,499
9,Image 395,111
0,Image 396,534
1,Image 396,432
2,Image 396,644
3,Image 396,584
4,Image 396,677
5,Image 396,418
6,Image 396,813
7,Image 396,683
8,Image 396,499
9,Image 396,111
0,Image 397,534
1,Image 397,644
2,Image 397,432
3,Image 397,584
4,Image 397,677
5,Image 397,813
6,Image 397,418
7,Image 397,683
8,Image 397,499
9,Image 397,111
0,Image 398,812
1,Image 398,432
2,Image 398,677
3,Image 398,644
4,Image 398,584
5,Image 398,813
6,Image 398,418
7,Image 398,683
8,Image 398,499
9,Image 398,111
0,Image 399,812
1,Image 399,644
2,Image 399,432
3,Image 399,584
4,Image 399,813
5,Image 399,677
6,Image 399,418
7,Image 399,683
8,Image 399,499
9,Image 399,111
0,Image 400,512
1,Image 400,432
2,Image 400,418
3,Image 400,584
4,Image 400,677
5,Image 400,644
6,Image 400,813
7,Image 400,683
8,Image 400,499
9,Image 400,111
0,Image 401,534
1,Image 401,432
2,Image 401,644
3,Image 401,584
4,Image 401,813
5,Image 401,677
6,Image 401,418
7,Image 401,683
8,Image 401,499
9,Image 401,111
0,Image 402,812
1,Image 402,644
2,Image 402,432
3,Image 402,584
4,Image 402,677
5,Image 402,813
6,Image 402,418
7,Image 402,683
8,Image 402,499
9,Image 402,111
0,Image 403,512
1,Image 403,432
2,Image 403,677
3,Image 403,418
4,Image 403,644
5,Image 403,584
6,Image 403,813
7,Image 403,683
8,Image 403,499
9,Image 403,111
0,Image 404,534
1,Image 404,432
2,Image 404,644
3,Image 404,584
4,Image 404,677
5,Image 404,813
6,Image 404,418
7,Image 404,683
8,Image 404,499
9,Image 404,111
0,Image 405,534
1,Image 405,644
2,Image 405,432
3,Image 405,677
4,Image 405,418
5,Image 405,584
6,Image 405,813
7,Image 405,683
8,Image 405,499
9,Image 405,111
0,Image 406,512
1,Image 406,432
2,Image 406,644
3,Image 406,677
4,Image 406,418
5,Image 406,584
6,Image 406,813
7,Image 406,683
8,Image 406,499
9,Image 406,111
0,Image 407,534
1,Image 407,432
2,Image 407,644
3,Image 407,584
4,Image 407,677
5,Image 407,418
6,Image 407,813
7,Image 407,683
8,Image 407,499
9,Image 407,111
0,Image 408,534
1,Image 408,432
2,Image 408,644
3,Image 408,584
4,Image 408,677
5,Image 408,418
6,Image 408,813
7,Image 408,683
8,Image 408,499
9,Image 408,111
0,Image 409,534
1,Image 409,644
2,Image 409,432
3,Image 409,584
4,Image 409,677
5,Image 409,418
6,Image 409,813
7,Image 409,683
8,Image 409,499
9,Image 409,111
0,Image 410,534
1,Image 410,432
2,Image 410,418
3,Image 410,584
4,Image 410,677
5,Image 410,644
6,Image 410,813
7,Image 410,683
8,Image 410,499
9,Image 410,111
0,Image 411,812
1,Image 411,644
2,Image 411,432
3,Image 411,677
4,Image 411,584
5,Image 411,813
6,Image 411,418
7,Image 411,683
8,Image 411,499
9,Image 411,111
0,Image 412,534
1,Image 412,644
2,Image 412,432
3,Image 412,584
4,Image 412,813
5,Image 412,677
6,Image 412,418
7,Image 412,683
8,Image 412,499
9,Image 412,111
0,Image 413,512
1,Image 413,432
2,Image 413,584
3,Image 413,418
4,Image 413,677
5,Image 413,644
6,Image 413,813
7,Image 413,683
8,Image 413,499
9,Image 413,111
0,Image 414,399
1,Image 414,432
2,Image 414,677
3,Image 414,584
4,Image 414,644
5,Image 414,813
6,Image 414,418
7,Image 414,683
8,Image 414,499
9,Image 414,111
0,Image 415,812
1,Image 415,432
2,Image 415,584
3,Image 415,813
4,Image 415,644
5,Image 415,677
6,Image 415,418
7,Image 415,683
8,Image 415,499
9,Image 415,111
0,Image 416,812
1,Image 416,432
2,Image 416,644
3,Image 416,584
4,Image 416,677
5,Image 416,813
6,Image 416,418
7,Image 416,683
8,Image 416,499
9,Image 416,111
0,Image 417,534
1,Image 417,432
2,Image 417,644
3,Image 417,418
4,Image 417,677
5,Image 417,584
6,Image 417,813
7,Image 417,683
8,Image 417,499
9,Image 417,111
0,Image 418,534
1,Image 418,432
2,Image 418,644
3,Image 418,418
4,Image 418,584
5,Image 418,677
6,Image 418,813
7,Image 418,683
8,Image 418,499
9,Image 418,111
0,Image 419,512
1,Image 419,432
2,Image 419,644
3,Image 419,677
4,Image 419,584
5,Image 419,418
6,Image 419,813
7,Image 419,683
8,Image 419,499
9,Image 419,111
0,Image 420,512
1,Image 420,418
2,Image 420,432
3,Image 420,644
4,Image 420,677
5,Image 420,584
6,Image 420,813
7,Image 420,683
8,Image 420,499
9,Image 420,111
0,Image 421,534
1,Image 421,432
2,Image 421,644
3,Image 421,584
4,Image 421,677
5,Image 421,813
6,Image 421,418
7,Image 421,683
8,Image 421,499
9,Image 421,111
0,Image 422,534
1,Image 422,644
2,Image 422,432
3,Image 422,677
4,Image 422,584
5,Image 422,418
6,Image 422,813
7,Image 422,683
8,Image 422,499
9,Image 422,111
0,Image 423,534
1,Image 423,644
2,Image 423,432
3,Image 423,677
4,Image 423,584
5,Image 423,418
6,Image 423,813
7,Image 423,683
8,Image 423,499
9,Image 423,111
0,Image 424,534
1,Image 424,644
2,Image 424,432
3,Image 424,584
4,Image 424,677
5,Image 424,813
6,Image 424,418
7,Image 424,683
8,Image 424,499
9,Image 424,111
0,Image 425,534
1,Image 425,432
2,Image 425,584
3,Image 425,644
4,Image 425,813
5,Image 425,677
6,Image 425,418
7,Image 425,683
8,Image 425,499
9,Image 425,111
0,Image 426,512
1,Image 426,432
2,Image 426,584
3,Image 426,644
4,Image 426,677
5,Image 426,813
6,Image 426,418
7,Image 426,683
8,Image 426,499
9,Image 426,111
0,Image 427,534
1,Image 427,644
2,Image 427,432
3,Image 427,677
4,Image 427,584
5,Image 427,418
6,Image 427,813
7,Image 427,683
8,Image 427,499
9,Image 427,111
0,Image 428,512
1,Image 428,432
2,Image 428,644
3,Image 428,677
4,Image 428,418
5,Image 428,584
6,Image 428,813
7,Image 428,683
8,Image 428,499
9,Image 428,111
0,Image 429,534
1,Image 429,644
2,Image 429,432
3,Image 429,677
4,Image 429,584
5,Image 429,418
6,Image 429,813
7,Image 429,683
8,Image 429,499
9,Image 429,111
0,Image 430,534
1,Image 430,432
2,Image 430,644
3,Image 430,813
4,Image 430,677
5,Image 430,584
6,Image 430,418
7,Image 430,683
8,Image 430,499
9,Image 430,111
0,Image 431,534
1,Image 431,432
2,Image 431,418
3,Image 431,677
4,Image 431,644
5,Image 431,584
6,Image 431,813
7,Image 431,683
8,Image 431,499
9,Image 431,111
0,Image 432,512
1,Image 432,432
2,Image 432,418
3,Image 432,584
4,Image 432,677
5,Image 432,644
6,Image 432,813
7,Image 432,683
8,Image 432,499
9,Image 432,111
0,Image 433,534
1,Image 433,644
2,Image 433,432
3,Image 433,677
4,Image 433,584
5,Image 433,418
6,Image 433,813
7,Image 433,683
8,Image 433,499
9,Image 433,111
0,Image 434,812
1,Image 434,432
2,Image 434,813
3,Image 434,584
4,Image 434,644
5,Image 434,677
6,Image 434,418
7,Image 434,683
8,Image 434,499
9,Image 434,111
0,Image 435,534
1,Image 435,432
2,Image 435,644
3,Image 435,677
4,Image 435,418
5,Image 435,584
6,Image 435,813
7,Image 435,683
8,Image 435,499
9,Image 435,111
0,Image 436,534
1,Image 436,432
2,Image 436,584
3,Image 436,813
4,Image 436,418
5,Image 436,677
6,Image 436,683
7,Image 436,644
8,Image 436,499
9,Image 436,111
0,Image 437,534
1,Image 437,432
2,Image 437,584
3,Image 437,418
4,Image 437,644
5,Image 437,677
6,Image 437,813
7,Image 437,683
8,Image 437,499
9,Image 437,111
0,Image 438,512
1,Image 438,432
2,Image 438,584
3,Image 438,813
4,Image 438,677
5,Image 438,418
6,Image 438,644
7,Image 438,683
8,Image 438,499
9,Image 438,111
0,Image 439,812
1,Image 439,432
2,Image 439,813
3,Image 439,584
4,Image 439,644
5,Image 439,677
6,Image 439,418
7,Image 439,683
8,Image 439,499
9,Image 439,111
0,Image 440,534
1,Image 440,432
2,Image 440,584
3,Image 440,644
4,Image 440,677
5,Image 440,813
6,Image 440,418
7,Image 440,683
8,Image 440,499
9,Image 440,111
