,Image,Object
0,Image 0,512
1,Image 0,432
2,Image 0,644
3,Image 0,418
4,Image 0,677
5,Image 0,584
6,Image 0,813
7,Image 0,683
8,Image 0,499
9,Image 0,111
0,Image 1,399
1,Image 1,432
2,Image 1,418
3,Image 1,644
4,Image 1,677
5,Image 1,584
6,Image 1,813
7,Image 1,683
8,Image 1,499
9,Image 1,111
0,Image 2,399
1,Image 2,418
2,Image 2,432
3,Image 2,677
4,Image 2,644
5,Image 2,584
6,Image 2,813
7,Image 2,683
8,Image 2,499
9,Image 2,111
0,Image 3,512
1,Image 3,644
2,Image 3,432
3,Image 3,677
4,Image 3,584
5,Image 3,813
6,Image 3,418
7,Image 3,683
8,Image 3,499
9,Image 3,111
0,Image 4,512
1,Image 4,644
2,Image 4,432
3,Image 4,677
4,Image 4,584
5,Image 4,813
6,Image 4,418
7,Image 4,683
8,Image 4,499
9,Image 4,111
0,Image 5,512
1,Image 5,432
2,Image 5,644
3,Image 5,584
4,Image 5,677
5,Image 5,813
6,Image 5,418
7,Image 5,683
8,Image 5,499
9,Image 5,111
0,Image 6,512
1,Image 6,432
2,Image 6,813
3,Image 6,584
4,Image 6,677
5,Image 6,644
6,Image 6,418
7,Image 6,683
8,Image 6,499
9,Image 6,111
0,Image 7,812
1,Image 7,432
2,Image 7,584
3,Image 7,677
4,Image 7,644
5,Image 7,813
6,Image 7,418
7,Image 7,683
8,Image 7,499
9,Image 7,111
0,Image 8,534
1,Image 8,432
2,Image 8,584
3,Image 8,813
4,Image 8,677
5,Image 8,644
6,Image 8,418
7,Image 8,683
8,Image 8,499
9,Image 8,111
0,Image 9,534
1,Image 9,432
2,Image 9,644
3,Image 9,584
4,Image 9,813
5,Image 9,677
6,Image 9,418
7,Image 9,683
8,Image 9,499
9,Image 9,111
0,Image 10,512
1,Image 10,432
2,Image 10,584
3,Image 10,813
4,Image 10,418
5,Image 10,644
6,Image 10,677
7,Image 10,683
8,Image 10,499
9,Image 10,111
0,Image 11,534
1,Image 11,432
2,Image 11,644
3,Image 11,584
4,Image 11,677
5,Image 11,418
6,Image 11,813
7,Image 11,683
8,Image 11,499
9,Image 11,111
0,Image 12,512
1,Image 12,432
2,Image 12,584
3,Image 12,813
4,Image 12,677
5,Image 12,418
6,Image 12,644
7,Image 12,683
8,Image 12,499
9,Image 12,111
0,Image 13,512
1,Image 13,644
2,Image 13,432
3,Image 13,677
4,Image 13,418
5,Image 13,584
6,Image 13,813
7,Image 13,683
8,Image 13,499
9,Image 13,111
0,Image 14,512
1,Image 14,644
2,Image 14,432
3,Image 14,584
4,Image 14,677
5,Image 14,813
6,Image 14,418
7,Image 14,683
8,Image 14,499
9,Image 14,111
0,Image 15,512
1,Image 15,432
2,Image 15,813
3,Image 15,584
4,Image 15,418
5,Image 15,677
6,Image 15,644
7,Image 15,683
8,Image 15,499
9,Image 15,111
0,Image 16,512
1,Image 16,644
2,Image 16,677
3,Image 16,584
4,Image 16,432
5,Image 16,813
6,Image 16,418
7,Image 16,683
8,Image 16,499
9,Image 16,111
0,Image 17,534
1,Image 17,432
2,Image 17,677
3,Image 17,813
4,Image 17,418
5,Image 17,584
6,Image 17,644
7,Image 17,683
8,Image 17,499
9,Image 17,111
0,Image 18,512
1,Image 18,432
2,Image 18,813
3,Image 18,584
4,Image 18,677
5,Image 18,418
6,Image 18,644
7,Image 18,683
8,Image 18,499
9,Image 18,111
0,Image 19,512
1,Image 19,432
2,Image 19,813
3,Image 19,584
4,Image 19,677
5,Image 19,644
6,Image 19,418
7,Image 19,683
8,Image 19,499
9,Image 19,111
0,Image 20,512
1,Image 20,432
2,Image 20,584
3,Image 20,644
4,Image 20,677
5,Image 20,813
6,Image 20,418
7,Image 20,683
8,Image 20,499
9,Image 20,111
0,Image 21,534
1,Image 21,432
2,Image 21,813
3,Image 21,584
4,Image 21,677
5,Image 21,418
6,Image 21,644
7,Image 21,683
8,Image 21,499
9,Image 21,111
0,Image 22,534
1,Image 22,432
2,Image 22,584
3,Image 22,813
4,Image 22,677
5,Image 22,644
6,Image 22,418
7,Image 22,683
8,Image 22,499
9,Image 22,111
0,Image 23,512
1,Image 23,432
2,Image 23,813
3,Image 23,584
4,Image 23,677
5,Image 23,644
6,Image 23,418
7,Image 23,683
8,Image 23,499
9,Image 23,111
0,Image 24,812
1,Image 24,584
2,Image 24,432
3,Image 24,644
4,Image 24,677
5,Image 24,813
6,Image 24,418
7,Image 24,683
8,Image 24,499
9,Image 24,111
0,Image 25,534
1,Image 25,432
2,Image 25,584
3,Image 25,813
4,Image 25,677
5,Image 25,644
6,Image 25,418
7,Image 25,683
8,Image 25,499
9,Image 25,111
0,Image 26,686
1,Image 26,644
2,Image 26,677
3,Image 26,432
4,Image 26,584
5,Image 26,418
6,Image 26,813
7,Image 26,683
8,Image 26,499
9,Image 26,111
0,Image 27,512
1,Image 27,432
2,Image 27,584
3,Image 27,644
4,Image 27,677
5,Image 27,418
6,Image 27,813
7,Image 27,683
8,Image 27,499
9,Image 27,111
0,Image 28,512
1,Image 28,432
2,Image 28,813
3,Image 28,644
4,Image 28,584
5,Image 28,677
6,Image 28,418
7,Image 28,683
8,Image 28,499
9,Image 28,111
0,Image 29,534
1,Image 29,432
2,Image 29,677
3,Image 29,584
4,Image 29,644
5,Image 29,813
6,Image 29,418
7,Image 29,683
8,Image 29,499
9,Image 29,111
0,Image 30,512
1,Image 30,644
2,Image 30,677
3,Image 30,432
4,Image 30,584
5,Image 30,813
6,Image 30,418
7,Image 30,683
8,Image 30,499
9,Image 30,111
0,Image 31,512
1,Image 31,432
2,Image 31,813
3,Image 31,584
4,Image 31,418
5,Image 31,677
6,Image 31,644
7,Image 31,683
8,Image 31,499
9,Image 31,111
0,Image 32,812
1,Image 32,644
2,Image 32,677
3,Image 32,432
4,Image 32,584
5,Image 32,813
6,Image 32,418
7,Image 32,683
8,Image 32,499
9,Image 32,111
0,Image 33,812
1,Image 33,813
2,Image 33,432
3,Image 33,584
4,Image 33,418
5,Image 33,677
6,Image 33,644
7,Image 33,683
8,Image 33,499
9,Image 33,111
0,Image 34,534
1,Image 34,432
2,Image 34,584
3,Image 34,644
4,Image 34,813
5,Image 34,418
6,Image 34,677
7,Image 34,683
8,Image 34,499
9,Image 34,111
0,Image 35,534
1,Image 35,432
2,Image 35,418
3,Image 35,584
4,Image 35,813
5,Image 35,677
6,Image 35,644
7,Image 35,683
8,Image 35,499
9,Image 35,111
0,Image 36,534
1,Image 36,432
2,Image 36,644
3,Image 36,418
4,Image 36,584
5,Image 36,677
6,Image 36,813
7,Image 36,683
8,Image 36,499
9,Image 36,111
0,Image 37,399
1,Image 37,432
2,Image 37,418
3,Image 37,584
4,Image 37,677
5,Image 37,644
6,Image 37,813
7,Image 37,683
8,Image 37,499
9,Image 37,111
0,Image 38,534
1,Image 38,432
2,Image 38,418
3,Image 38,677
4,Image 38,584
5,Image 38,644
6,Image 38,813
7,Image 38,683
8,Image 38,499
9,Image 38,111
0,Image 39,534
1,Image 39,432
2,Image 39,584
3,Image 39,418
4,Image 39,644
5,Image 39,813
6,Image 39,677
7,Image 39,683
8,Image 39,499
9,Image 39,111
0,Image 40,399
1,Image 40,418
2,Image 40,432
3,Image 40,584
4,Image 40,677
5,Image 40,644
6,Image 40,813
7,Image 40,683
8,Image 40,499
9,Image 40,111
0,Image 41,534
1,Image 41,432
2,Image 41,584
3,Image 41,418
4,Image 41,813
5,Image 41,677
6,Image 41,644
7,Image 41,683
8,Image 41,499
9,Image 41,111
0,Image 42,534
1,Image 42,432
2,Image 42,584
3,Image 42,418
4,Image 42,677
5,Image 42,813
6,Image 42,644
7,Image 42,683
8,Image 42,499
9,Image 42,111
0,Image 43,399
1,Image 43,432
2,Image 43,584
3,Image 43,418
4,Image 43,677
5,Image 43,813
6,Image 43,644
7,Image 43,683
8,Image 43,499
9,Image 43,111
0,Image 44,534
1,Image 44,432
2,Image 44,418
3,Image 44,584
4,Image 44,813
5,Image 44,677
6,Image 44,644
7,Image 44,683
8,Image 44,499
9,Image 44,111
0,Image 45,534
1,Image 45,432
2,Image 45,644
3,Image 45,418
4,Image 45,677
5,Image 45,584
6,Image 45,813
7,Image 45,683
8,Image 45,499
9,Image 45,111
0,Image 46,534
1,Image 46,432
2,Image 46,644
3,Image 46,677
4,Image 46,418
5,Image 46,584
6,Image 46,813
7,Image 46,683
8,Image 46,499
9,Image 46,111
0,Image 47,512
1,Image 47,432
2,Image 47,677
3,Image 47,584
4,Image 47,418
5,Image 47,813
6,Image 47,644
7,Image 47,683
8,Image 47,499
9,Image 47,111
0,Image 48,534
1,Image 48,432
2,Image 48,584
3,Image 48,418
4,Image 48,644
5,Image 48,677
6,Image 48,813
7,Image 48,683
8,Image 48,499
9,Image 48,111
0,Image 49,534
1,Image 49,432
2,Image 49,584
3,Image 49,677
4,Image 49,644
5,Image 49,418
6,Image 49,813
7,Image 49,683
8,Image 49,499
9,Image 49,111
0,Image 50,534
1,Image 50,432
2,Image 50,418
3,Image 50,677
4,Image 50,644
5,Image 50,584
6,Image 50,813
7,Image 50,683
8,Image 50,499
9,Image 50,111
0,Image 51,534
1,Image 51,432
2,Image 51,418
3,Image 51,584
4,Image 51,644
5,Image 51,677
6,Image 51,813
7,Image 51,683
8,Image 51,499
9,Image 51,111
0,Image 52,534
1,Image 52,432
2,Image 52,418
3,Image 52,644
4,Image 52,677
5,Image 52,584
6,Image 52,813
7,Image 52,683
8,Image 52,499
9,Image 52,111
0,Image 53,534
1,Image 53,432
2,Image 53,418
3,Image 53,584
4,Image 53,677
5,Image 53,644
6,Image 53,813
7,Image 53,683
8,Image 53,499
9,Image 53,111
0,Image 54,534
1,Image 54,432
2,Image 54,644
3,Image 54,418
4,Image 54,813
5,Image 54,584
6,Image 54,677
7,Image 54,683
8,Image 54,499
9,Image 54,111
0,Image 55,534
1,Image 55,432
2,Image 55,584
3,Image 55,677
4,Image 55,418
5,Image 55,813
6,Image 55,644
7,Image 55,683
8,Image 55,499
9,Image 55,111
0,Image 56,534
1,Image 56,432
2,Image 56,813
3,Image 56,677
4,Image 56,418
5,Image 56,584
6,Image 56,644
7,Image 56,683
8,Image 56,499
9,Image 56,111
0,Image 57,534
1,Image 57,432
2,Image 57,418
3,Image 57,677
4,Image 57,584
5,Image 57,644
6,Image 57,813
7,Image 57,683
8,Image 57,499
9,Image 57,111
0,Image 58,534
1,Image 58,432
2,Image 58,677
3,Image 58,584
4,Image 58,644
5,Image 58,418
6,Image 58,813
7,Image 58,683
8,Image 58,499
9,Image 58,111
0,Image 59,534
1,Image 59,432
2,Image 59,677
3,Image 59,813
4,Image 59,418
5,Image 59,584
6,Image 59,644
7,Image 59,683
8,Image 59,499
9,Image 59,111
0,Image 60,534
1,Image 60,432
2,Image 60,644
3,Image 60,584
4,Image 60,813
5,Image 60,677
6,Image 60,418
7,Image 60,683
8,Image 60,499
9,Image 60,111
0,Image 61,534
1,Image 61,432
2,Image 61,418
3,Image 61,584
4,Image 61,677
5,Image 61,644
6,Image 61,813
7,Image 61,683
8,Image 61,499
9,Image 61,111
0,Image 62,399
1,Image 62,432
2,Image 62,418
3,Image 62,584
4,Image 62,644
5,Image 62,677
6,Image 62,813
7,Image 62,683
8,Image 62,499
9,Image 62,111
0,Image 63,534
1,Image 63,432
2,Image 63,584
3,Image 63,418
4,Image 63,677
5,Image 63,644
6,Image 63,813
7,Image 63,683
8,Image 63,499
9,Image 63,111
0,Image 64,534
1,Image 64,432
2,Image 64,584
3,Image 64,644
4,Image 64,813
5,Image 64,418
6,Image 64,677
7,Image 64,683
8,Image 64,499
9,Image 64,111
0,Image 65,534
1,Image 65,432
2,Image 65,418
3,Image 65,644
4,Image 65,677
5,Image 65,584
6,Image 65,813
7,Image 65,683
8,Image 65,499
9,Image 65,111
0,Image 66,534
1,Image 66,432
2,Image 66,644
3,Image 66,584
4,Image 66,677
5,Image 66,418
6,Image 66,813
7,Image 66,683
8,Image 66,499
9,Image 66,111
0,Image 67,399
1,Image 67,432
2,Image 67,418
3,Image 67,584
4,Image 67,677
5,Image 67,644
6,Image 67,813
7,Image 67,683
8,Image 67,499
9,Image 67,111
0,Image 68,399
1,Image 68,432
2,Image 68,584
3,Image 68,677
4,Image 68,418
5,Image 68,644
6,Image 68,813
7,Image 68,683
8,Image 68,499
9,Image 68,111
0,Image 69,534
1,Image 69,432
2,Image 69,418
3,Image 69,644
4,Image 69,677
5,Image 69,584
6,Image 69,813
7,Image 69,683
8,Image 69,499
9,Image 69,111
0,Image 70,399
1,Image 70,432
2,Image 70,584
3,Image 70,813
4,Image 70,418
5,Image 70,677
6,Image 70,644
7,Image 70,683
8,Image 70,499
9,Image 70,111
0,Image 71,534
1,Image 71,432
2,Image 71,584
3,Image 71,418
4,Image 71,644
5,Image 71,813
6,Image 71,677
7,Image 71,683
8,Image 71,499
9,Image 71,111
0,Image 72,534
1,Image 72,432
2,Image 72,677
3,Image 72,584
4,Image 72,644
5,Image 72,418
6,Image 72,813
7,Image 72,683
8,Image 72,499
9,Image 72,111
0,Image 73,534
1,Image 73,418
2,Image 73,432
3,Image 73,677
4,Image 73,584
5,Image 73,644
6,Image 73,813
7,Image 73,683
8,Image 73,499
9,Image 73,111
0,Image 74,534
1,Image 74,432
2,Image 74,813
3,Image 74,584
4,Image 74,418
5,Image 74,677
6,Image 74,644
7,Image 74,683
8,Image 74,499
9,Image 74,111
0,Image 75,534
1,Image 75,432
2,Image 75,418
3,Image 75,677
4,Image 75,584
5,Image 75,644
6,Image 75,813
7,Image 75,683
8,Image 75,499
9,Image 75,111
0,Image 76,534
1,Image 76,418
2,Image 76,432
3,Image 76,584
4,Image 76,677
5,Image 76,644
6,Image 76,813
7,Image 76,683
8,Image 76,499
9,Image 76,111
0,Image 77,399
1,Image 77,432
2,Image 77,418
3,Image 77,677
4,Image 77,584
5,Image 77,644
6,Image 77,813
7,Image 77,683
8,Image 77,499
9,Image 77,111
0,Image 78,512
1,Image 78,432
2,Image 78,418
3,Image 78,584
4,Image 78,677
5,Image 78,644
6,Image 78,813
7,Image 78,683
8,Image 78,499
9,Image 78,111
0,Image 79,534
1,Image 79,432
2,Image 79,644
3,Image 79,418
4,Image 79,584
5,Image 79,677
6,Image 79,813
7,Image 79,683
8,Image 79,499
9,Image 79,111
0,Image 80,399
1,Image 80,418
2,Image 80,432
3,Image 80,677
4,Image 80,644
5,Image 80,584
6,Image 80,813
7,Image 80,683
8,Image 80,499
9,Image 80,111
0,Image 81,512
1,Image 81,432
2,Image 81,418
3,Image 81,584
4,Image 81,677
5,Image 81,813
6,Image 81,644
7,Image 81,683
8,Image 81,499
9,Image 81,111
0,Image 82,534
1,Image 82,432
2,Image 82,418
3,Image 82,584
4,Image 82,813
5,Image 82,677
6,Image 82,644
7,Image 82,683
8,Image 82,499
9,Image 82,111
0,Image 83,644
1,Image 83,534
2,Image 83,432
3,Image 83,677
4,Image 83,418
5,Image 83,584
6,Image 83,813
7,Image 83,683
8,Image 83,499
9,Image 83,111
0,Image 84,399
1,Image 84,432
2,Image 84,418
3,Image 84,584
4,Image 84,677
5,Image 84,644
6,Image 84,813
7,Image 84,683
8,Image 84,499
9,Image 84,111
0,Image 85,534
1,Image 85,644
2,Image 85,432
3,Image 85,677
4,Image 85,418
5,Image 85,584
6,Image 85,813
7,Image 85,683
8,Image 85,499
9,Image 85,111
0,Image 86,399
1,Image 86,418
2,Image 86,432
3,Image 86,584
4,Image 86,677
5,Image 86,644
6,Image 86,813
7,Image 86,683
8,Image 86,499
9,Image 86,111
0,Image 87,534
1,Image 87,432
2,Image 87,584
3,Image 87,813
4,Image 87,677
5,Image 87,418
6,Image 87,644
7,Image 87,683
8,Image 87,499
9,Image 87,111
0,Image 88,534
1,Image 88,432
2,Image 88,584
3,Image 88,813
4,Image 88,677
5,Image 88,418
6,Image 88,644
7,Image 88,683
8,Image 88,499
9,Image 88,111
0,Image 89,812
1,Image 89,432
2,Image 89,584
3,Image 89,813
4,Image 89,644
5,Image 89,677
6,Image 89,418
7,Image 89,683
8,Image 89,499
9,Image 89,111
0,Image 90,512
1,Image 90,432
2,Image 90,584
3,Image 90,644
4,Image 90,677
5,Image 90,813
6,Image 90,418
7,Image 90,683
8,Image 90,499
9,Image 90,111
0,Image 91,534
1,Image 91,432
2,Image 91,584
3,Image 91,813
4,Image 91,418
5,Image 91,677
6,Image 91,644
7,Image 91,683
8,Image 91,499
9,Image 91,111
0,Image 92,812
1,Image 92,432
2,Image 92,584
3,Image 92,813
4,Image 92,677
5,Image 92,644
6,Image 92,418
7,Image 92,683
8,Image 92,499
9,Image 92,111
0,Image 93,812
1,Image 93,432
2,Image 93,677
3,Image 93,584
4,Image 93,644
5,Image 93,813
6,Image 93,418
7,Image 93,683
8,Image 93,499
9,Image 93,111
0,Image 94,534
1,Image 94,644
2,Image 94,432
3,Image 94,584
4,Image 94,677
5,Image 94,418
6,Image 94,813
7,Image 94,683
8,Image 94,499
9,Image 94,111
0,Image 95,534
1,Image 95,432
2,Image 95,584
3,Image 95,813
4,Image 95,418
5,Image 95,677
6,Image 95,644
7,Image 95,683
8,Image 95,499
9,Image 95,111
0,Image 96,534
1,Image 96,432
2,Image 96,813
3,Image 96,584
4,Image 96,418
5,Image 96,677
6,Image 96,644
7,Image 96,683
8,Image 96,499
9,Image 96,111
0,Image 97,534
1,Image 97,432
2,Image 97,584
3,Image 97,813
4,Image 97,677
5,Image 97,644
6,Image 97,418
7,Image 97,683
8,Image 97,499
9,Image 97,111
0,Image 98,512
1,Image 98,644
2,Image 98,432
3,Image 98,418
4,Image 98,584
5,Image 98,677
6,Image 98,813
7,Image 98,683
8,Image 98,499
9,Image 98,111
0,Image 99,512
1,Image 99,432
2,Image 99,584
3,Image 99,644
4,Image 99,677
5,Image 99,813
6,Image 99,418
7,Image 99,683
8,Image 99,499
9,Image 99,111
0,Image 100,812
1,Image 100,644
2,Image 100,432
3,Image 100,584
4,Image 100,677
5,Image 100,813
6,Image 100,418
7,Image 100,683
8,Image 100,499
9,Image 100,111
0,Image 101,534
1,Image 101,432
2,Image 101,584
3,Image 101,813
4,Image 101,677
5,Image 101,418
6,Image 101,644
7,Image 101,683
8,Image 101,499
9,Image 101,111
0,Image 102,534
1,Image 102,432
2,Image 102,813
3,Image 102,584
4,Image 102,418
5,Image 102,677
6,Image 102,644
7,Image 102,683
8,Image 102,499
9,Image 102,111
0,Image 103,534
1,Image 103,432
2,Image 103,584
3,Image 103,813
4,Image 103,418
5,Image 103,677
6,Image 103,644
7,Image 103,683
8,Image 103,499
9,Image 103,111
0,Image 104,512
1,Image 104,432
2,Image 104,584
3,Image 104,813
4,Image 104,677
5,Image 104,644
6,Image 104,418
7,Image 104,683
8,Image 104,499
9,Image 104,111
0,Image 105,534
1,Image 105,432
2,Image 105,584
3,Image 105,813
4,Image 105,677
5,Image 105,418
6,Image 105,644
7,Image 105,683
8,Image 105,499
9,Image 105,111
0,Image 106,534
1,Image 106,432
2,Image 106,813
3,Image 106,418
4,Image 106,584
5,Image 106,677
6,Image 106,644
7,Image 106,683
8,Image 106,499
9,Image 106,111
0,Image 107,534
1,Image 107,432
2,Image 107,813
3,Image 107,584
4,Image 107,418
5,Image 107,677
6,Image 107,644
7,Image 107,683
8,Image 107,499
9,Image 107,111
0,Image 108,534
1,Image 108,432
2,Image 108,584
3,Image 108,813
4,Image 108,677
5,Image 108,644
6,Image 108,418
7,Image 108,683
8,Image 108,499
9,Image 108,111
0,Image 109,512
1,Image 109,432
2,Image 109,813
3,Image 109,584
4,Image 109,677
5,Image 109,644
6,Image 109,418
7,Image 109,683
8,Image 109,499
9,Image 109,111
0,Image 110,534
1,Image 110,432
2,Image 110,813
3,Image 110,584
4,Image 110,677
5,Image 110,644
6,Image 110,418
7,Image 110,683
8,Image 110,499
9,Image 110,111
0,Image 111,534
1,Image 111,432
2,Image 111,644
3,Image 111,677
4,Image 111,584
5,Image 111,418
6,Image 111,813
7,Image 111,683
8,Image 111,499
9,Image 111,111
0,Image 112,534
1,Image 112,432
2,Image 112,584
3,Image 112,813
4,Image 112,677
5,Image 112,418
6,Image 112,644
7,Image 112,683
8,Image 112,499
9,Image 112,111
0,Image 113,534
1,Image 113,432
2,Image 113,584
3,Image 113,813
4,Image 113,418
5,Image 113,677
6,Image 113,644
7,Image 113,683
8,Image 113,499
9,Image 113,111
0,Image 114,812
1,Image 114,432
2,Image 114,644
3,Image 114,677
4,Image 114,584
5,Image 114,813
6,Image 114,418
7,Image 114,683
8,Image 114,499
9,Image 114,111
0,Image 115,534
1,Image 115,432
2,Image 115,584
3,Image 115,813
4,Image 115,418
5,Image 115,677
6,Image 115,644
7,Image 115,683
8,Image 115,499
9,Image 115,111
0,Image 116,534
1,Image 116,432
2,Image 116,813
3,Image 116,584
4,Image 116,418
5,Image 116,677
6,Image 116,644
7,Image 116,683
8,Image 116,499
9,Image 116,111
0,Image 117,534
1,Image 117,432
2,Image 117,584
3,Image 117,813
4,Image 117,418
5,Image 117,677
6,Image 117,644
7,Image 117,683
8,Image 117,499
9,Image 117,111
0,Image 118,534
1,Image 118,432
2,Image 118,813
3,Image 118,584
4,Image 118,677
5,Image 118,644
6,Image 118,418
7,Image 118,683
8,Image 118,499
9,Image 118,111
0,Image 119,534
1,Image 119,432
2,Image 119,584
3,Image 119,813
4,Image 119,677
5,Image 119,644
6,Image 119,418
7,Image 119,683
8,Image 119,499
9,Image 119,111
0,Image 120,534
1,Image 120,432
2,Image 120,584
3,Image 120,644
4,Image 120,418
5,Image 120,813
6,Image 120,677
7,Image 120,683
8,Image 120,499
9,Image 120,111
0,Image 121,534
1,Image 121,432
2,Image 121,584
3,Image 121,813
4,Image 121,644
5,Image 121,677
6,Image 121,418
7,Image 121,683
8,Image 121,499
9,Image 121,111
0,Image 122,534
1,Image 122,432
2,Image 122,813
3,Image 122,584
4,Image 122,644
5,Image 122,418
6,Image 122,677
7,Image 122,683
8,Image 122,499
9,Image 122,111
0,Image 123,534
1,Image 123,644
2,Image 123,432
3,Image 123,813
4,Image 123,677
5,Image 123,584
6,Image 123,418
7,Image 123,683
8,Image 123,499
9,Image 123,111
0,Image 124,534
1,Image 124,432
2,Image 124,584
3,Image 124,644
4,Image 124,813
5,Image 124,677
6,Image 124,418
7,Image 124,683
8,Image 124,499
9,Image 124,111
0,Image 125,534
1,Image 125,432
2,Image 125,584
3,Image 125,813
4,Image 125,644
5,Image 125,677
6,Image 125,418
7,Image 125,683
8,Image 125,499
9,Image 125,111
0,Image 126,534
1,Image 126,432
2,Image 126,644
3,Image 126,584
4,Image 126,418
5,Image 126,677
6,Image 126,813
7,Image 126,683
8,Image 126,499
9,Image 126,111
0,Image 127,534
1,Image 127,418
2,Image 127,432
3,Image 127,584
4,Image 127,677
5,Image 127,644
6,Image 127,813
7,Image 127,683
8,Image 127,499
9,Image 127,111
0,Image 128,399
1,Image 128,418
2,Image 128,432
3,Image 128,584
4,Image 128,677
5,Image 128,644
6,Image 128,813
7,Image 128,683
8,Image 128,499
9,Image 128,111
0,Image 129,534
1,Image 129,432
2,Image 129,584
3,Image 129,418
4,Image 129,813
5,Image 129,644
6,Image 129,677
7,Image 129,683
8,Image 129,499
9,Image 129,111
0,Image 130,399
1,Image 130,644
2,Image 130,432
3,Image 130,677
4,Image 130,584
5,Image 130,813
6,Image 130,418
7,Image 130,683
8,Image 130,499
9,Image 130,111
0,Image 131,534
1,Image 131,432
2,Image 131,813
3,Image 131,584
4,Image 131,418
5,Image 131,677
6,Image 131,644
7,Image 131,683
8,Image 131,499
9,Image 131,111
0,Image 132,534
1,Image 132,432
2,Image 132,644
3,Image 132,677
4,Image 132,418
5,Image 132,584
6,Image 132,813
7,Image 132,683
8,Image 132,499
9,Image 132,111
0,Image 133,534
1,Image 133,432
2,Image 133,584
3,Image 133,644
4,Image 133,813
5,Image 133,677
6,Image 133,418
7,Image 133,683
8,Image 133,499
9,Image 133,111
0,Image 134,812
1,Image 134,432
2,Image 134,813
3,Image 134,584
4,Image 134,677
5,Image 134,644
6,Image 134,418
7,Image 134,683
8,Image 134,499
9,Image 134,111
0,Image 135,399
1,Image 135,432
2,Image 135,584
3,Image 135,813
4,Image 135,644
5,Image 135,677
6,Image 135,418
7,Image 135,683
8,Image 135,499
9,Image 135,111
0,Image 136,644
1,Image 136,584
2,Image 136,418
3,Image 136,399
4,Image 136,677
5,Image 136,432
6,Image 136,813
7,Image 136,499
8,Image 136,683
9,Image 136,111
0,Image 137,534
1,Image 137,644
2,Image 137,584
3,Image 137,432
4,Image 137,677
5,Image 137,813
6,Image 137,418
7,Image 137,683
8,Image 137,499
9,Image 137,111
0,Image 138,812
1,Image 138,432
2,Image 138,813
3,Image 138,584
4,Image 138,644
5,Image 138,677
6,Image 138,418
7,Image 138,683
8,Image 138,499
9,Image 138,111
0,Image 139,534
1,Image 139,432
2,Image 139,813
3,Image 139,584
4,Image 139,644
5,Image 139,677
6,Image 139,418
7,Image 139,683
8,Image 139,499
9,Image 139,111
0,Image 140,512
1,Image 140,432
2,Image 140,584
3,Image 140,677
4,Image 140,813
5,Image 140,418
6,Image 140,644
7,Image 140,683
8,Image 140,499
9,Image 140,111
0,Image 141,534
1,Image 141,432
2,Image 141,644
3,Image 141,813
4,Image 141,584
5,Image 141,418
6,Image 141,677
7,Image 141,683
8,Image 141,499
9,Image 141,111
0,Image 142,534
1,Image 142,432
2,Image 142,813
3,Image 142,584
4,Image 142,644
5,Image 142,418
6,Image 142,677
7,Image 142,683
8,Image 142,499
9,Image 142,111
0,Image 143,534
1,Image 143,644
2,Image 143,677
3,Image 143,432
4,Image 143,584
5,Image 143,418
6,Image 143,813
7,Image 143,683
8,Image 143,499
9,Image 143,111
0,Image 144,512
1,Image 144,432
2,Image 144,644
3,Image 144,418
4,Image 144,584
5,Image 144,677
6,Image 144,813
7,Image 144,683
8,Image 144,499
9,Image 144,111
0,Image 145,534
1,Image 145,432
2,Image 145,584
3,Image 145,813
4,Image 145,418
5,Image 145,677
6,Image 145,644
7,Image 145,683
8,Image 145,499
9,Image 145,111
0,Image 146,534
1,Image 146,432
2,Image 146,418
3,Image 146,584
4,Image 146,813
5,Image 146,644
6,Image 146,677
7,Image 146,683
8,Image 146,499
9,Image 146,111
0,Image 147,512
1,Image 147,418
2,Image 147,432
3,Image 147,813
4,Image 147,584
5,Image 147,644
6,Image 147,677
7,Image 147,683
8,Image 147,499
9,Image 147,111
0,Image 148,512
1,Image 148,432
2,Image 148,813
3,Image 148,584
4,Image 148,677
5,Image 148,418
6,Image 148,644
7,Image 148,683
8,Image 148,499
9,Image 148,111
0,Image 149,534
1,Image 149,432
2,Image 149,418
3,Image 149,584
4,Image 149,677
5,Image 149,813
6,Image 149,644
7,Image 149,683
8,Image 149,499
9,Image 149,111
0,Image 150,534
1,Image 150,432
2,Image 150,813
3,Image 150,584
4,Image 150,644
5,Image 150,677
6,Image 150,418
7,Image 150,683
8,Image 150,499
9,Image 150,111
0,Image 151,512
1,Image 151,644
2,Image 151,418
3,Image 151,432
4,Image 151,677
5,Image 151,584
6,Image 151,813
7,Image 151,683
8,Image 151,499
9,Image 151,111
0,Image 152,512
1,Image 152,432
2,Image 152,644
3,Image 152,677
4,Image 152,584
5,Image 152,418
6,Image 152,813
7,Image 152,683
8,Image 152,499
9,Image 152,111
0,Image 153,812
1,Image 153,432
2,Image 153,584
3,Image 153,813
4,Image 153,677
5,Image 153,644
6,Image 153,418
7,Image 153,683
8,Image 153,499
9,Image 153,111
0,Image 154,686
1,Image 154,644
2,Image 154,432
3,Image 154,677
4,Image 154,418
5,Image 154,584
6,Image 154,813
7,Image 154,683
8,Image 154,499
9,Image 154,111
0,Image 155,812
1,Image 155,432
2,Image 155,584
3,Image 155,813
4,Image 155,677
5,Image 155,644
6,Image 155,418
7,Image 155,683
8,Image 155,499
9,Image 155,111
0,Image 156,534
1,Image 156,813
2,Image 156,432
3,Image 156,584
4,Image 156,418
5,Image 156,677
6,Image 156,644
7,Image 156,683
8,Image 156,499
9,Image 156,111
0,Image 157,812
1,Image 157,584
2,Image 157,432
3,Image 157,813
4,Image 157,677
5,Image 157,644
6,Image 157,418
7,Image 157,683
8,Image 157,499
9,Image 157,111
0,Image 158,812
1,Image 158,432
2,Image 158,813
3,Image 158,584
4,Image 158,418
5,Image 158,677
6,Image 158,644
7,Image 158,683
8,Image 158,499
9,Image 158,111
0,Image 159,534
1,Image 159,432
2,Image 159,644
3,Image 159,677
4,Image 159,584
5,Image 159,418
6,Image 159,813
7,Image 159,683
8,Image 159,499
9,Image 159,111
0,Image 160,812
1,Image 160,813
2,Image 160,432
3,Image 160,584
4,Image 160,644
5,Image 160,677
6,Image 160,418
7,Image 160,683
8,Image 160,499
9,Image 160,111
0,Image 161,812
1,Image 161,432
2,Image 161,584
3,Image 161,813
4,Image 161,644
5,Image 161,677
6,Image 161,418
7,Image 161,683
8,Image 161,499
9,Image 161,111
0,Image 162,812
1,Image 162,813
2,Image 162,432
3,Image 162,584
4,Image 162,644
5,Image 162,677
6,Image 162,418
7,Image 162,683
8,Image 162,499
9,Image 162,111
0,Image 163,812
1,Image 163,432
2,Image 163,813
3,Image 163,584
4,Image 163,644
5,Image 163,677
6,Image 163,418
7,Image 163,683
8,Image 163,499
9,Image 163,111
0,Image 164,812
1,Image 164,432
2,Image 164,813
3,Image 164,584
4,Image 164,418
5,Image 164,677
6,Image 164,683
7,Image 164,644
8,Image 164,499
9,Image 164,111
0,Image 165,812
1,Image 165,813
2,Image 165,432
3,Image 165,584
4,Image 165,677
5,Image 165,418
6,Image 165,644
7,Image 165,683
8,Image 165,499
9,Image 165,111
0,Image 166,512
1,Image 166,644
2,Image 166,432
3,Image 166,677
4,Image 166,584
5,Image 166,418
6,Image 166,813
7,Image 166,683
8,Image 166,499
9,Image 166,111
0,Image 167,534
1,Image 167,432
2,Image 167,644
3,Image 167,584
4,Image 167,813
5,Image 167,677
6,Image 167,418
7,Image 167,683
8,Image 167,499
9,Image 167,111
0,Image 168,812
1,Image 168,432
2,Image 168,584
3,Image 168,813
4,Image 168,418
5,Image 168,677
6,Image 168,644
7,Image 168,683
8,Image 168,499
9,Image 168,111
0,Image 169,534
1,Image 169,584
2,Image 169,432
3,Image 169,813
4,Image 169,677
5,Image 169,644
6,Image 169,418
7,Image 169,683
8,Image 169,499
9,Image 169,111
0,Image 170,812
1,Image 170,584
2,Image 170,432
3,Image 170,813
4,Image 170,677
5,Image 170,418
6,Image 170,644
7,Image 170,683
8,Image 170,499
9,Image 170,111
0,Image 171,534
1,Image 171,432
2,Image 171,584
3,Image 171,813
4,Image 171,677
5,Image 171,644
6,Image 171,418
7,Image 171,683
8,Image 171,499
9,Image 171,111
0,Image 172,534
1,Image 172,432
2,Image 172,584
3,Image 172,813
4,Image 172,677
5,Image 172,418
6,Image 172,644
7,Image 172,683
8,Image 172,499
9,Image 172,111
0,Image 173,534
1,Image 173,432
2,Image 173,584
3,Image 173,813
4,Image 173,677
5,Image 173,418
6,Image 173,644
7,Image 173,683
8,Image 173,499
9,Image 173,111
0,Image 174,534
1,Image 174,432
2,Image 174,584
3,Image 174,644
4,Image 174,813
5,Image 174,677
6,Image 174,418
7,Image 174,683
8,Image 174,499
9,Image 174,111
0,Image 175,812
1,Image 175,432
2,Image 175,813
3,Image 175,584
4,Image 175,644
5,Image 175,677
6,Image 175,418
7,Image 175,683
8,Image 175,499
9,Image 175,111
0,Image 176,812
1,Image 176,813
2,Image 176,432
3,Image 176,584
4,Image 176,677
5,Image 176,418
6,Image 176,644
7,Image 176,683
8,Image 176,499
9,Image 176,111
0,Image 177,512
1,Image 177,644
2,Image 177,813
3,Image 177,677
4,Image 177,432
5,Image 177,584
6,Image 177,418
7,Image 177,683
8,Image 177,499
9,Image 177,111
0,Image 178,534
1,Image 178,644
2,Image 178,432
3,Image 178,677
4,Image 178,584
5,Image 178,418
6,Image 178,813
7,Image 178,683
8,Image 178,499
9,Image 178,111
0,Image 179,534
1,Image 179,432
2,Image 179,584
3,Image 179,644
4,Image 179,813
5,Image 179,677
6,Image 179,418
7,Image 179,683
8,Image 179,499
9,Image 179,111
0,Image 180,812
1,Image 180,813
2,Image 180,432
3,Image 180,584
4,Image 180,677
5,Image 180,644
6,Image 180,418
7,Image 180,683
8,Image 180,499
9,Image 180,111
0,Image 181,812
1,Image 181,432
2,Image 181,813
3,Image 181,584
4,Image 181,677
5,Image 181,418
6,Image 181,644
7,Image 181,683
8,Image 181,499
9,Image 181,111
0,Image 182,812
1,Image 182,584
2,Image 182,432
3,Image 182,813
4,Image 182,677
5,Image 182,644
6,Image 182,418
7,Image 182,683
8,Image 182,499
9,Image 182,111
0,Image 183,512
1,Image 183,584
2,Image 183,813
3,Image 183,432
4,Image 183,644
5,Image 183,677
6,Image 183,418
7,Image 183,683
8,Image 183,499
9,Image 183,111
0,Image 184,812
1,Image 184,644
2,Image 184,432
3,Image 184,584
4,Image 184,677
5,Image 184,813
6,Image 184,418
7,Image 184,683
8,Image 184,499
9,Image 184,111
0,Image 185,512
1,Image 185,813
2,Image 185,432
3,Image 185,584
4,Image 185,644
5,Image 185,677
6,Image 185,418
7,Image 185,683
8,Image 185,499
9,Image 185,111
0,Image 186,512
1,Image 186,813
2,Image 186,432
3,Image 186,644
4,Image 186,584
5,Image 186,677
6,Image 186,418
7,Image 186,683
8,Image 186,499
9,Image 186,111
0,Image 187,399
1,Image 187,432
2,Image 187,584
3,Image 187,418
4,Image 187,677
5,Image 187,813
6,Image 187,644
7,Image 187,499
8,Image 187,683
9,Image 187,111
0,Image 188,534
1,Image 188,432
2,Image 188,584
3,Image 188,813
4,Image 188,677
5,Image 188,644
6,Image 188,418
7,Image 188,683
8,Image 188,499
9,Image 188,111
0,Image 189,534
1,Image 189,432
2,Image 189,584
3,Image 189,418
4,Image 189,644
5,Image 189,813
6,Image 189,677
7,Image 189,683
8,Image 189,499
9,Image 189,111
0,Image 190,512
1,Image 190,432
2,Image 190,584
3,Image 190,677
4,Image 190,418
5,Image 190,813
6,Image 190,644
7,Image 190,683
8,Image 190,499
9,Image 190,111
0,Image 191,534
1,Image 191,584
2,Image 191,432
3,Image 191,644
4,Image 191,418
5,Image 191,677
6,Image 191,813
7,Image 191,683
8,Image 191,499
9,Image 191,111
0,Image 192,783
1,Image 192,432
2,Image 192,813
3,Image 192,584
4,Image 192,677
5,Image 192,644
6,Image 192,418
7,Image 192,683
8,Image 192,499
9,Image 192,111
0,Image 193,534
1,Image 193,432
2,Image 193,584
3,Image 193,418
4,Image 193,644
5,Image 193,813
6,Image 193,677
7,Image 193,683
8,Image 193,499
9,Image 193,111
0,Image 194,534
1,Image 194,432
2,Image 194,584
3,Image 194,644
4,Image 194,418
5,Image 194,677
6,Image 194,813
7,Image 194,683
8,Image 194,499
9,Image 194,111
0,Image 195,399
1,Image 195,418
2,Image 195,432
3,Image 195,584
4,Image 195,677
5,Image 195,644
6,Image 195,813
7,Image 195,683
8,Image 195,499
9,Image 195,111
0,Image 196,534
1,Image 196,432
2,Image 196,584
3,Image 196,644
4,Image 196,677
5,Image 196,813
6,Image 196,418
7,Image 196,683
8,Image 196,499
9,Image 196,111
0,Image 197,534
1,Image 197,432
2,Image 197,418
3,Image 197,584
4,Image 197,644
5,Image 197,677
6,Image 197,813
7,Image 197,683
8,Image 197,499
9,Image 197,111
0,Image 198,399
1,Image 198,418
2,Image 198,432
3,Image 198,584
4,Image 198,677
5,Image 198,644
6,Image 198,813
7,Image 198,683
8,Image 198,499
9,Image 198,111
0,Image 199,399
1,Image 199,418
2,Image 199,432
3,Image 199,677
4,Image 199,584
5,Image 199,644
6,Image 199,813
7,Image 199,683
8,Image 199,499
9,Image 199,111
0,Image 200,512
1,Image 200,644
2,Image 200,418
3,Image 200,432
4,Image 200,813
5,Image 200,584
6,Image 200,677
7,Image 200,683
8,Image 200,499
9,Image 200,111
0,Image 201,399
1,Image 201,418
2,Image 201,432
3,Image 201,677
4,Image 201,584
5,Image 201,644
6,Image 201,813
7,Image 201,683
8,Image 201,499
9,Image 201,111
0,Image 202,399
1,Image 202,418
2,Image 202,432
3,Image 202,677
4,Image 202,644
5,Image 202,584
6,Image 202,813
7,Image 202,683
8,Image 202,499
9,Image 202,111
0,Image 203,399
1,Image 203,418
2,Image 203,432
3,Image 203,584
4,Image 203,677
5,Image 203,644
6,Image 203,813
7,Image 203,683
8,Image 203,499
9,Image 203,111
0,Image 204,534
1,Image 204,418
2,Image 204,432
3,Image 204,677
4,Image 204,644
5,Image 204,584
6,Image 204,813
7,Image 204,683
8,Image 204,499
9,Image 204,111
0,Image 205,399
1,Image 205,418
2,Image 205,432
3,Image 205,677
4,Image 205,584
5,Image 205,644
6,Image 205,813
7,Image 205,683
8,Image 205,499
9,Image 205,111
0,Image 206,534
1,Image 206,432
2,Image 206,644
3,Image 206,418
4,Image 206,677
5,Image 206,584
6,Image 206,813
7,Image 206,683
8,Image 206,499
9,Image 206,111
0,Image 207,512
1,Image 207,644
2,Image 207,432
3,Image 207,677
4,Image 207,584
5,Image 207,418
6,Image 207,813
7,Image 207,683
8,Image 207,499
9,Image 207,111
0,Image 208,399
1,Image 208,432
2,Image 208,418
3,Image 208,584
4,Image 208,677
5,Image 208,644
6,Image 208,813
7,Image 208,683
8,Image 208,499
9,Image 208,111
0,Image 209,399
1,Image 209,432
2,Image 209,418
3,Image 209,677
4,Image 209,584
5,Image 209,644
6,Image 209,813
7,Image 209,683
8,Image 209,499
9,Image 209,111
0,Image 210,534
1,Image 210,644
2,Image 210,432
3,Image 210,677
4,Image 210,584
5,Image 210,418
6,Image 210,813
7,Image 210,683
8,Image 210,499
9,Image 210,111
0,Image 211,512
1,Image 211,432
2,Image 211,644
3,Image 211,677
4,Image 211,584
5,Image 211,813
6,Image 211,418
7,Image 211,683
8,Image 211,499
9,Image 211,111
0,Image 212,534
1,Image 212,813
2,Image 212,432
3,Image 212,584
4,Image 212,644
5,Image 212,677
6,Image 212,418
7,Image 212,683
8,Image 212,499
9,Image 212,111
0,Image 213,512
1,Image 213,432
2,Image 213,584
3,Image 213,677
4,Image 213,813
5,Image 213,644
6,Image 213,418
7,Image 213,683
8,Image 213,499
9,Image 213,111
0,Image 214,812
1,Image 214,432
2,Image 214,584
3,Image 214,813
4,Image 214,677
5,Image 214,644
6,Image 214,418
7,Image 214,683
8,Image 214,499
9,Image 214,111
0,Image 215,534
1,Image 215,432
2,Image 215,584
3,Image 215,813
4,Image 215,677
5,Image 215,418
6,Image 215,644
7,Image 215,683
8,Image 215,499
9,Image 215,111
0,Image 216,534
1,Image 216,432
2,Image 216,584
3,Image 216,813
4,Image 216,677
5,Image 216,418
6,Image 216,644
7,Image 216,683
8,Image 216,499
9,Image 216,111
0,Image 217,512
1,Image 217,432
2,Image 217,418
3,Image 217,584
4,Image 217,644
5,Image 217,813
6,Image 217,677
7,Image 217,683
8,Image 217,499
9,Image 217,111
0,Image 218,534
1,Image 218,432
2,Image 218,584
3,Image 218,813
4,Image 218,418
5,Image 218,644
6,Image 218,677
7,Image 218,683
8,Image 218,499
9,Image 218,111
0,Image 219,534
1,Image 219,432
2,Image 219,584
3,Image 219,813
4,Image 219,677
5,Image 219,644
6,Image 219,418
7,Image 219,683
8,Image 219,499
9,Image 219,111
0,Image 220,534
1,Image 220,432
2,Image 220,644
3,Image 220,813
4,Image 220,584
5,Image 220,677
6,Image 220,418
7,Image 220,683
8,Image 220,499
9,Image 220,111
0,Image 221,812
1,Image 221,432
2,Image 221,584
3,Image 221,813
4,Image 221,677
5,Image 221,644
6,Image 221,418
7,Image 221,683
8,Image 221,499
9,Image 221,111
0,Image 222,534
1,Image 222,432
2,Image 222,584
3,Image 222,644
4,Image 222,677
5,Image 222,418
6,Image 222,813
7,Image 222,683
8,Image 222,499
9,Image 222,111
0,Image 223,534
1,Image 223,432
2,Image 223,584
3,Image 223,644
4,Image 223,677
5,Image 223,418
6,Image 223,813
7,Image 223,683
8,Image 223,499
9,Image 223,111
0,Image 224,534
1,Image 224,432
2,Image 224,584
3,Image 224,644
4,Image 224,677
5,Image 224,418
6,Image 224,813
7,Image 224,683
8,Image 224,499
9,Image 224,111
0,Image 225,534
1,Image 225,432
2,Image 225,584
3,Image 225,813
4,Image 225,644
5,Image 225,418
6,Image 225,677
7,Image 225,683
8,Image 225,499
9,Image 225,111
0,Image 226,534
1,Image 226,432
2,Image 226,584
3,Image 226,813
4,Image 226,644
5,Image 226,677
6,Image 226,418
7,Image 226,683
8,Image 226,499
9,Image 226,111
0,Image 227,812
1,Image 227,644
2,Image 227,432
3,Image 227,677
4,Image 227,584
5,Image 227,418
6,Image 227,813
7,Image 227,683
8,Image 227,499
9,Image 227,111
0,Image 228,534
1,Image 228,432
2,Image 228,644
3,Image 228,584
4,Image 228,813
5,Image 228,677
6,Image 228,418
7,Image 228,683
8,Image 228,499
9,Image 228,111
0,Image 229,534
1,Image 229,432
2,Image 229,584
3,Image 229,813
4,Image 229,677
5,Image 229,418
6,Image 229,644
7,Image 229,683
8,Image 229,499
9,Image 229,111
0,Image 230,534
1,Image 230,432
2,Image 230,584
3,Image 230,813
4,Image 230,418
5,Image 230,677
6,Image 230,644
7,Image 230,683
8,Image 230,499
9,Image 230,111
0,Image 231,812
1,Image 231,432
2,Image 231,813
3,Image 231,584
4,Image 231,677
5,Image 231,644
6,Image 231,418
7,Image 231,683
8,Image 231,499
9,Image 231,111
0,Image 232,534
1,Image 232,432
2,Image 232,813
3,Image 232,584
4,Image 232,677
5,Image 232,418
6,Image 232,644
7,Image 232,683
8,Image 232,499
9,Image 232,111
0,Image 233,512
1,Image 233,813
2,Image 233,644
3,Image 233,584
4,Image 233,432
5,Image 233,677
6,Image 233,418
7,Image 233,683
8,Image 233,499
9,Image 233,111
0,Image 234,512
1,Image 234,432
2,Image 234,418
3,Image 234,584
4,Image 234,813
5,Image 234,677
6,Image 234,644
7,Image 234,683
8,Image 234,499
9,Image 234,111
0,Image 235,812
1,Image 235,644
2,Image 235,813
3,Image 235,432
4,Image 235,584
5,Image 235,677
6,Image 235,418
7,Image 235,683
8,Image 235,499
9,Image 235,111
0,Image 236,512
1,Image 236,813
2,Image 236,432
3,Image 236,584
4,Image 236,418
5,Image 236,644
6,Image 236,677
7,Image 236,683
8,Image 236,499
9,Image 236,111
0,Image 237,534
1,Image 237,432
2,Image 237,584
3,Image 237,418
4,Image 237,813
5,Image 237,677
6,Image 237,644
7,Image 237,683
8,Image 237,499
9,Image 237,111
0,Image 238,512
1,Image 238,432
2,Image 238,813
3,Image 238,584
4,Image 238,644
5,Image 238,677
6,Image 238,418
7,Image 238,683
8,Image 238,499
9,Image 238,111
0,Image 239,512
1,Image 239,432
2,Image 239,584
3,Image 239,813
4,Image 239,677
5,Image 239,418
6,Image 239,644
7,Image 239,683
8,Image 239,499
9,Image 239,111
0,Image 240,534
1,Image 240,432
2,Image 240,813
3,Image 240,584
4,Image 240,644
5,Image 240,677
6,Image 240,418
7,Image 240,683
8,Image 240,499
9,Image 240,111
0,Image 241,512
1,Image 241,432
2,Image 241,584
3,Image 241,813
4,Image 241,677
5,Image 241,644
6,Image 241,418
7,Image 241,683
8,Image 241,499
9,Image 241,111
0,Image 242,399
1,Image 242,644
2,Image 242,677
3,Image 242,432
4,Image 242,584
5,Image 242,418
6,Image 242,813
7,Image 242,683
8,Image 242,499
9,Image 242,111
0,Image 243,512
1,Image 243,432
2,Image 243,813
3,Image 243,584
4,Image 243,418
5,Image 243,644
6,Image 243,677
7,Image 243,683
8,Image 243,499
9,Image 243,111
0,Image 244,399
1,Image 244,644
2,Image 244,677
3,Image 244,418
4,Image 244,432
5,Image 244,584
6,Image 244,813
7,Image 244,499
8,Image 244,683
9,Image 244,111
0,Image 245,512
1,Image 245,432
2,Image 245,813
3,Image 245,584
4,Image 245,644
5,Image 245,677
6,Image 245,418
7,Image 245,683
8,Image 245,499
9,Image 245,111
0,Image 246,512
1,Image 246,432
2,Image 246,813
3,Image 246,644
4,Image 246,584
5,Image 246,677
6,Image 246,418
7,Image 246,683
8,Image 246,499
9,Image 246,111
0,Image 247,512
1,Image 247,432
2,Image 247,813
3,Image 247,584
4,Image 247,644
5,Image 247,418
6,Image 247,677
7,Image 247,683
8,Image 247,499
9,Image 247,111
0,Image 248,534
1,Image 248,432
2,Image 248,813
3,Image 248,584
4,Image 248,418
5,Image 248,677
6,Image 248,644
7,Image 248,683
8,Image 248,499
9,Image 248,111
0,Image 249,812
1,Image 249,644
2,Image 249,432
3,Image 249,813
4,Image 249,677
5,Image 249,584
6,Image 249,418
7,Image 249,683
8,Image 249,499
9,Image 249,111
0,Image 250,534
1,Image 250,418
2,Image 250,432
3,Image 250,813
4,Image 250,644
5,Image 250,584
6,Image 250,677
7,Image 250,683
8,Image 250,499
9,Image 250,111
0,Image 251,512
1,Image 251,432
2,Image 251,584
3,Image 251,813
4,Image 251,418
5,Image 251,677
6,Image 251,644
7,Image 251,683
8,Image 251,499
9,Image 251,111
0,Image 252,534
1,Image 252,644
2,Image 252,813
3,Image 252,432
4,Image 252,677
5,Image 252,584
6,Image 252,418
7,Image 252,683
8,Image 252,499
9,Image 252,111
0,Image 253,512
1,Image 253,418
2,Image 253,432
3,Image 253,584
4,Image 253,677
5,Image 253,813
6,Image 253,644
7,Image 253,683
8,Image 253,499
9,Image 253,111
0,Image 254,399
1,Image 254,432
2,Image 254,418
3,Image 254,644
4,Image 254,584
5,Image 254,677
6,Image 254,813
7,Image 254,683
8,Image 254,499
9,Image 254,111
0,Image 255,512
1,Image 255,432
2,Image 255,813
3,Image 255,584
4,Image 255,418
5,Image 255,644
6,Image 255,677
7,Image 255,683
8,Image 255,499
9,Image 255,111
0,Image 256,512
1,Image 256,432
2,Image 256,584
3,Image 256,813
4,Image 256,677
5,Image 256,418
6,Image 256,644
7,Image 256,683
8,Image 256,499
9,Image 256,111
0,Image 257,512
1,Image 257,432
2,Image 257,418
3,Image 257,584
4,Image 257,813
5,Image 257,677
6,Image 257,644
7,Image 257,683
8,Image 257,499
9,Image 257,111
0,Image 258,534
1,Image 258,432
2,Image 258,584
3,Image 258,418
4,Image 258,644
5,Image 258,677
6,Image 258,813
7,Image 258,683
8,Image 258,499
9,Image 258,111
0,Image 259,534
1,Image 259,432
2,Image 259,418
3,Image 259,584
4,Image 259,677
5,Image 259,813
6,Image 259,644
7,Image 259,683
8,Image 259,499
9,Image 259,111
0,Image 260,512
1,Image 260,432
2,Image 260,418
3,Image 260,644
4,Image 260,677
5,Image 260,584
6,Image 260,813
7,Image 260,683
8,Image 260,499
9,Image 260,111
0,Image 261,812
1,Image 261,432
2,Image 261,813
3,Image 261,584
4,Image 261,644
5,Image 261,677
6,Image 261,418
7,Image 261,683
8,Image 261,499
9,Image 261,111
0,Image 262,399
1,Image 262,432
2,Image 262,644
3,Image 262,677
4,Image 262,584
5,Image 262,418
6,Image 262,813
7,Image 262,683
8,Image 262,499
9,Image 262,111
0,Image 263,534
1,Image 263,418
2,Image 263,432
3,Image 263,584
4,Image 263,677
5,Image 263,644
6,Image 263,813
7,Image 263,683
8,Image 263,499
9,Image 263,111
0,Image 264,512
1,Image 264,432
2,Image 264,418
3,Image 264,584
4,Image 264,677
5,Image 264,644
6,Image 264,813
7,Image 264,683
8,Image 264,499
9,Image 264,111
0,Image 265,399
1,Image 265,432
2,Image 265,813
3,Image 265,418
4,Image 265,584
5,Image 265,677
6,Image 265,644
7,Image 265,683
8,Image 265,499
9,Image 265,111
0,Image 266,783
1,Image 266,813
2,Image 266,432
3,Image 266,584
4,Image 266,418
5,Image 266,644
6,Image 266,677
7,Image 266,683
8,Image 266,499
9,Image 266,111
0,Image 267,812
1,Image 267,432
2,Image 267,584
3,Image 267,813
4,Image 267,644
5,Image 267,677
6,Image 267,418
7,Image 267,683
8,Image 267,499
9,Image 267,111
0,Image 268,813
1,Image 268,783
2,Image 268,584
3,Image 268,432
4,Image 268,418
5,Image 268,683
6,Image 268,644
7,Image 268,677
8,Image 268,499
9,Image 268,111
0,Image 269,783
1,Image 269,812
2,Image 269,584
3,Image 269,432
4,Image 269,644
5,Image 269,677
6,Image 269,418
7,Image 269,683
8,Image 269,499
9,Image 269,111
0,Image 270,534
1,Image 270,432
2,Image 270,813
3,Image 270,644
4,Image 270,584
5,Image 270,677
6,Image 270,418
7,Image 270,683
8,Image 270,499
9,Image 270,111
0,Image 271,432
1,Image 271,584
2,Image 271,813
3,Image 271,812
4,Image 271,644
5,Image 271,418
6,Image 271,677
7,Image 271,683
8,Image 271,499
9,Image 271,111
0,Image 272,812
1,Image 272,432
2,Image 272,813
3,Image 272,584
4,Image 272,644
5,Image 272,677
6,Image 272,418
7,Image 272,683
8,Image 272,499
9,Image 272,111
0,Image 273,534
1,Image 273,432
2,Image 273,584
3,Image 273,418
4,Image 273,644
5,Image 273,813
6,Image 273,677
7,Image 273,683
8,Image 273,499
9,Image 273,111
0,Image 274,432
1,Image 274,584
2,Image 274,784
3,Image 274,812
4,Image 274,677
5,Image 274,644
6,Image 274,418
7,Image 274,683
8,Image 274,499
9,Image 274,111
0,Image 275,432
1,Image 275,812
2,Image 275,813
3,Image 275,584
4,Image 275,677
5,Image 275,418
6,Image 275,644
7,Image 275,683
8,Image 275,499
9,Image 275,111
0,Image 276,812
1,Image 276,584
2,Image 276,432
3,Image 276,813
4,Image 276,644
5,Image 276,677
6,Image 276,418
7,Image 276,683
8,Image 276,499
9,Image 276,111
0,Image 277,812
1,Image 277,432
2,Image 277,813
3,Image 277,584
4,Image 277,644
5,Image 277,677
6,Image 277,418
7,Image 277,683
8,Image 277,499
9,Image 277,111
0,Image 278,812
1,Image 278,432
2,Image 278,644
3,Image 278,584
4,Image 278,677
5,Image 278,813
6,Image 278,418
7,Image 278,683
8,Image 278,499
9,Image 278,111
0,Image 279,534
1,Image 279,644
2,Image 279,432
3,Image 279,677
4,Image 279,584
5,Image 279,813
6,Image 279,418
7,Image 279,683
8,Image 279,499
9,Image 279,111
0,Image 280,812
1,Image 280,813
2,Image 280,432
3,Image 280,584
4,Image 280,677
5,Image 280,418
6,Image 280,683
7,Image 280,644
8,Image 280,499
9,Image 280,111
0,Image 281,534
1,Image 281,432
2,Image 281,418
3,Image 281,584
4,Image 281,813
5,Image 281,677
6,Image 281,644
7,Image 281,683
8,Image 281,499
9,Image 281,111
0,Image 282,534
1,Image 282,644
2,Image 282,432
3,Image 282,584
4,Image 282,677
5,Image 282,813
6,Image 282,418
7,Image 282,683
8,Image 282,499
9,Image 282,111
0,Image 283,812
1,Image 283,432
2,Image 283,584
3,Image 283,813
4,Image 283,418
5,Image 283,677
6,Image 283,644
7,Image 283,683
8,Image 283,499
9,Image 283,111
0,Image 284,783
1,Image 284,432
2,Image 284,813
3,Image 284,584
4,Image 284,644
5,Image 284,677
6,Image 284,418
7,Image 284,683
8,Image 284,499
9,Image 284,111
0,Image 285,534
1,Image 285,432
2,Image 285,584
3,Image 285,813
4,Image 285,418
5,Image 285,677
6,Image 285,644
7,Image 285,683
8,Image 285,499
9,Image 285,111
0,Image 286,512
1,Image 286,432
2,Image 286,584
3,Image 286,644
4,Image 286,677
5,Image 286,813
6,Image 286,418
7,Image 286,683
8,Image 286,499
9,Image 286,111
0,Image 287,534
1,Image 287,584
2,Image 287,432
3,Image 287,813
4,Image 287,644
5,Image 287,677
6,Image 287,418
7,Image 287,683
8,Image 287,499
9,Image 287,111
0,Image 288,512
1,Image 288,432
2,Image 288,677
3,Image 288,644
4,Image 288,418
5,Image 288,584
6,Image 288,813
7,Image 288,683
8,Image 288,499
9,Image 288,111
0,Image 289,812
1,Image 289,432
2,Image 289,644
3,Image 289,677
4,Image 289,584
5,Image 289,813
6,Image 289,418
7,Image 289,683
8,Image 289,499
9,Image 289,111
0,Image 290,512
1,Image 290,432
2,Image 290,813
3,Image 290,584
4,Image 290,418
5,Image 290,644
6,Image 290,677
7,Image 290,683
8,Image 290,499
9,Image 290,111
0,Image 291,512
1,Image 291,432
2,Image 291,584
3,Image 291,644
4,Image 291,677
5,Image 291,813
6,Image 291,418
7,Image 291,683
8,Image 291,499
9,Image 291,111
0,Image 292,534
1,Image 292,432
2,Image 292,584
3,Image 292,813
4,Image 292,644
5,Image 292,677
6,Image 292,418
7,Image 292,683
8,Image 292,499
9,Image 292,111
0,Image 293,399
1,Image 293,432
2,Image 293,584
3,Image 293,677
4,Image 293,418
5,Image 293,644
6,Image 293,813
7,Image 293,683
8,Image 293,499
9,Image 293,111
0,Image 294,534
1,Image 294,432
2,Image 294,584
3,Image 294,813
4,Image 294,644
5,Image 294,677
6,Image 294,418
7,Image 294,683
8,Image 294,499
9,Image 294,111
0,Image 295,512
1,Image 295,432
2,Image 295,418
3,Image 295,584
4,Image 295,813
5,Image 295,677
6,Image 295,644
7,Image 295,683
8,Image 295,499
9,Image 295,111
0,Image 296,783
1,Image 296,432
2,Image 296,813
3,Image 296,584
4,Image 296,644
5,Image 296,677
6,Image 296,418
7,Image 296,683
8,Image 296,499
9,Image 296,111
0,Image 297,512
1,Image 297,432
2,Image 297,418
3,Image 297,584
4,Image 297,677
5,Image 297,644
6,Image 297,813
7,Image 297,683
8,Image 297,499
9,Image 297,111
0,Image 298,534
1,Image 298,644
2,Image 298,432
3,Image 298,584
4,Image 298,813
5,Image 298,418
6,Image 298,677
7,Image 298,683
8,Image 298,499
9,Image 298,111
0,Image 299,534
1,Image 299,432
2,Image 299,584
3,Image 299,813
4,Image 299,418
5,Image 299,644
6,Image 299,677
7,Image 299,683
8,Image 299,499
9,Image 299,111
